stationName,about,hasEscalator,hasLift,hasTravelator,transfer,lineAbout,lineID,lineName,routeService
Plaza de Castilla,https://www.metromadrid.es//es/viaja_en_metro/red_de_metro/estaciones/Plaza_Castilla.html,TRUE,TRUE,FALSE, Autobuses Interurbanos,https://www.metromadrid.es//es/viaja_en_metro/red_de_metro/lineas_y_horarios/linea09.html,N15c3932d937e4e1b8cb30623cd1d55a9,Línea 9,https://www.metromadrid.es/es/index.html
Plaza de Castilla,https://www.metromadrid.es//es/viaja_en_metro/red_de_metro/estaciones/Plaza_Castilla.html,TRUE,TRUE,FALSE, Autobuses Interurbanos,https://www.metromadrid.es//es/viaja_en_metro/red_de_metro/lineas_y_horarios/linea01.html,N813ff9f488234a5abfb50f032d4aec88,Línea 1,https://www.metromadrid.es/es/index.html
Plaza de Castilla,https://www.metromadrid.es//es/viaja_en_metro/red_de_metro/estaciones/Plaza_Castilla.html,TRUE,TRUE,FALSE, Autobuses Interurbanos,https://www.metromadrid.es//es/viaja_en_metro/red_de_metro/lineas_y_horarios/linea10.html,Nef4ee0bb7c7c4a12ac4b4188830444f4,Línea 10,https://www.metromadrid.es/es/index.html
Hospital de Móstoles,https://www.metromadrid.es//es/viaja_en_metro/red_de_metro/estaciones/HopitalMostoles.html,TRUE,TRUE,FALSE,,https://www.metromadrid.es//es/viaja_en_metro/red_de_metro/lineas_y_horarios/linea12.html,Nfbbe9604730a47f7a438ffa3e024e405,Línea 12 MetroSur,https://www.metromadrid.es/es/index.html
Begoña,https://www.metromadrid.es//es/viaja_en_metro/red_de_metro/estaciones/Begona.html,TRUE,FALSE,TRUE, Autobuses Interurbanos,https://www.metromadrid.es//es/viaja_en_metro/red_de_metro/lineas_y_horarios/linea10.html,Nef4ee0bb7c7c4a12ac4b4188830444f4,Línea 10,https://www.metromadrid.es/es/index.html
Islas Filipinas,https://www.metromadrid.es//es/viaja_en_metro/red_de_metro/estaciones/IslasFilipinas.html,TRUE,TRUE,FALSE,,https://www.metromadrid.es//es/viaja_en_metro/red_de_metro/lineas_y_horarios/linea07.html,N0d6e5c75dec24ce9a67f74c725894bd0,Línea 7,https://www.metromadrid.es/es/index.html
Abrantes,https://www.metromadrid.es//es/viaja_en_metro/red_de_metro/estaciones/Abrantes.html,TRUE,TRUE,FALSE,,https://www.metromadrid.es//es/viaja_en_metro/red_de_metro/lineas_y_horarios/linea11.html,N36bd200a9b0e4765a60f1267d5659fbe,Línea 11,https://www.metromadrid.es/es/index.html
Portazgo,https://www.metromadrid.es//es/viaja_en_metro/red_de_metro/estaciones/Portazgo.html,TRUE,FALSE,FALSE,,https://www.metromadrid.es//es/viaja_en_metro/red_de_metro/lineas_y_horarios/linea01.html,N813ff9f488234a5abfb50f032d4aec88,Línea 1,https://www.metromadrid.es/es/index.html
Banco de España,https://www.metromadrid.es//es/viaja_en_metro/red_de_metro/estaciones/BancoEspana.html,FALSE,FALSE,FALSE, Autobus al Aeropuerto,https://www.metromadrid.es//es/viaja_en_metro/red_de_metro/lineas_y_horarios/linea02.html,N409aa68b91b94d3ca9fd6032272a127c,Línea 2 Vodafone,https://www.metromadrid.es/es/index.html
Canal,https://www.metromadrid.es//es/viaja_en_metro/red_de_metro/estaciones/Canal.html,TRUE,TRUE,FALSE,,https://www.metromadrid.es//es/viaja_en_metro/red_de_metro/lineas_y_horarios/linea02.html,N409aa68b91b94d3ca9fd6032272a127c,Línea 2 Vodafone,https://www.metromadrid.es/es/index.html
Canal,https://www.metromadrid.es//es/viaja_en_metro/red_de_metro/estaciones/Canal.html,TRUE,TRUE,FALSE,,https://www.metromadrid.es//es/viaja_en_metro/red_de_metro/lineas_y_horarios/linea07.html,N0d6e5c75dec24ce9a67f74c725894bd0,Línea 7,https://www.metromadrid.es/es/index.html
Atocha Renfe,https://www.metromadrid.es//es/viaja_en_metro/red_de_metro/estaciones/AtochaRenfe.html,TRUE,TRUE,FALSE,,https://www.metromadrid.es//es/viaja_en_metro/red_de_metro/lineas_y_horarios/linea01.html,N813ff9f488234a5abfb50f032d4aec88,Línea 1,https://www.metromadrid.es/es/index.html
El Capricho,https://www.metromadrid.es//es/viaja_en_metro/red_de_metro/estaciones/ElCapricho.html,TRUE,TRUE,FALSE,,https://www.metromadrid.es//es/viaja_en_metro/red_de_metro/lineas_y_horarios/linea05.html,N4ddec175fd1e4eb29aa2b356dc9f3246,Línea 5,https://www.metromadrid.es/es/index.html
Ascao,https://www.metromadrid.es//es/viaja_en_metro/red_de_metro/estaciones/Ascao.html,TRUE,FALSE,FALSE,,https://www.metromadrid.es//es/viaja_en_metro/red_de_metro/lineas_y_horarios/linea07.html,N0d6e5c75dec24ce9a67f74c725894bd0,Línea 7,https://www.metromadrid.es/es/index.html
Villaverde Alto,https://www.metromadrid.es//es/viaja_en_metro/red_de_metro/estaciones/VillaverdeAlto.html,TRUE,TRUE,FALSE, Cercanías Renfe,https://www.metromadrid.es//es/viaja_en_metro/red_de_metro/lineas_y_horarios/linea03.html,N96d2a943dda34a06938ac20e55e8a7d1,Línea 3,https://www.metromadrid.es/es/index.html
Avenida de la Ilustración,https://www.metromadrid.es//es/viaja_en_metro/red_de_metro/estaciones/AvdaIlustracion.html,TRUE,TRUE,FALSE,,https://www.metromadrid.es//es/viaja_en_metro/red_de_metro/lineas_y_horarios/linea07.html,N0d6e5c75dec24ce9a67f74c725894bd0,Línea 7,https://www.metromadrid.es/es/index.html
Las Musas,https://www.metromadrid.es//es/viaja_en_metro/red_de_metro/estaciones/LasMusas.html,TRUE,FALSE,FALSE,,https://www.metromadrid.es//es/viaja_en_metro/red_de_metro/lineas_y_horarios/linea07.html,N0d6e5c75dec24ce9a67f74c725894bd0,Línea 7,https://www.metromadrid.es/es/index.html
Pradillo,https://www.metromadrid.es//es/viaja_en_metro/red_de_metro/estaciones/Pradillo.html,TRUE,TRUE,FALSE,,https://www.metromadrid.es//es/viaja_en_metro/red_de_metro/lineas_y_horarios/linea12.html,Nfbbe9604730a47f7a438ffa3e024e405,Línea 12 MetroSur,https://www.metromadrid.es/es/index.html
Colombia,https://www.metromadrid.es//es/viaja_en_metro/red_de_metro/estaciones/Colombia.html,TRUE,TRUE,FALSE,,https://www.metromadrid.es//es/viaja_en_metro/red_de_metro/lineas_y_horarios/linea09.html,N15c3932d937e4e1b8cb30623cd1d55a9,Línea 9,https://www.metromadrid.es/es/index.html
Colombia,https://www.metromadrid.es//es/viaja_en_metro/red_de_metro/estaciones/Colombia.html,TRUE,TRUE,FALSE,,https://www.metromadrid.es//es/viaja_en_metro/red_de_metro/lineas_y_horarios/linea08.html,N78f7cccebb9c428182d5b88f37eb03a3,Línea 8,https://www.metromadrid.es/es/index.html
Aeropuerto T4,https://www.metromadrid.es//es/viaja_en_metro/red_de_metro/estaciones/AeropuertoT4.html,TRUE,TRUE,FALSE,,https://www.metromadrid.es//es/viaja_en_metro/red_de_metro/lineas_y_horarios/linea08.html,N78f7cccebb9c428182d5b88f37eb03a3,Línea 8,https://www.metromadrid.es/es/index.html
La Latina,https://www.metromadrid.es//es/viaja_en_metro/red_de_metro/estaciones/LaLatina.html,TRUE,FALSE,FALSE,,https://www.metromadrid.es//es/viaja_en_metro/red_de_metro/lineas_y_horarios/linea05.html,N4ddec175fd1e4eb29aa2b356dc9f3246,Línea 5,https://www.metromadrid.es/es/index.html
Estrecho,https://www.metromadrid.es//es/viaja_en_metro/red_de_metro/estaciones/Estrecho.html,FALSE,FALSE,FALSE,,https://www.metromadrid.es//es/viaja_en_metro/red_de_metro/lineas_y_horarios/linea01.html,N813ff9f488234a5abfb50f032d4aec88,Línea 1,https://www.metromadrid.es/es/index.html
Leganés Central,https://www.metromadrid.es//es/viaja_en_metro/red_de_metro/estaciones/LeganesCentral.html,TRUE,TRUE,FALSE, Cercanías Renfe,https://www.metromadrid.es//es/viaja_en_metro/red_de_metro/lineas_y_horarios/linea12.html,Nfbbe9604730a47f7a438ffa3e024e405,Línea 12 MetroSur,https://www.metromadrid.es/es/index.html
Parque Oeste,https://www.metromadrid.es//es/viaja_en_metro/red_de_metro/estaciones/ParqueOeste.html,TRUE,TRUE,FALSE,,https://www.metromadrid.es//es/viaja_en_metro/red_de_metro/lineas_y_horarios/linea12.html,Nfbbe9604730a47f7a438ffa3e024e405,Línea 12 MetroSur,https://www.metromadrid.es/es/index.html
Ciudad Lineal,https://www.metromadrid.es//es/viaja_en_metro/red_de_metro/estaciones/CiudadLineal.html,FALSE,FALSE,FALSE, Autobuses Interurbanos,https://www.metromadrid.es//es/viaja_en_metro/red_de_metro/lineas_y_horarios/linea05.html,N4ddec175fd1e4eb29aa2b356dc9f3246,Línea 5,https://www.metromadrid.es/es/index.html
Barrio del Puerto,https://www.metromadrid.es//es/viaja_en_metro/red_de_metro/estaciones/BarrioPuerto.html,TRUE,TRUE,FALSE,,https://www.metromadrid.es//es/viaja_en_metro/red_de_metro/lineas_y_horarios/linea07.html,N0d6e5c75dec24ce9a67f74c725894bd0,Línea 7,https://www.metromadrid.es/es/index.html
Las Suertes,https://www.metromadrid.es//es/viaja_en_metro/red_de_metro/estaciones/LasSuertes.html,TRUE,TRUE,FALSE,,https://www.metromadrid.es//es/viaja_en_metro/red_de_metro/lineas_y_horarios/linea01.html,N813ff9f488234a5abfb50f032d4aec88,Línea 1,https://www.metromadrid.es/es/index.html
Las Rosas,https://www.metromadrid.es//es/viaja_en_metro/red_de_metro/estaciones/LasRosas.html,TRUE,TRUE,FALSE,,https://www.metromadrid.es//es/viaja_en_metro/red_de_metro/lineas_y_horarios/linea02.html,N409aa68b91b94d3ca9fd6032272a127c,Línea 2 Vodafone,https://www.metromadrid.es/es/index.html
Universidad Rey Juan Carlos,https://www.metromadrid.es//es/viaja_en_metro/red_de_metro/estaciones/UniversidadReyJuanCarlos.html,TRUE,TRUE,FALSE,,https://www.metromadrid.es//es/viaja_en_metro/red_de_metro/lineas_y_horarios/linea12.html,Nfbbe9604730a47f7a438ffa3e024e405,Línea 12 MetroSur,https://www.metromadrid.es/es/index.html
Álvarez de Villaamil,https://www.metromadrid.es//es/viaja_en_metro/red_de_metro/estaciones/AlvarezVillaamil.html,FALSE,FALSE,FALSE,,https://www.metromadrid.es//es/viaja_en_metro/red_de_metro/lineas_y_horarios/metro_ligero01.html,N4cb815f8049449fe85693eff2b8ae520,ML1,https://www.metromadrid.es/es/index.html
Alsacia,https://www.metromadrid.es//es/viaja_en_metro/red_de_metro/estaciones/Alsacia.html,TRUE,TRUE,FALSE, Autobuses Interurbanos,https://www.metromadrid.es//es/viaja_en_metro/red_de_metro/lineas_y_horarios/linea02.html,N409aa68b91b94d3ca9fd6032272a127c,Línea 2 Vodafone,https://www.metromadrid.es/es/index.html
Vista Alegre,https://www.metromadrid.es//es/viaja_en_metro/red_de_metro/estaciones/VistaAlegre.html,FALSE,FALSE,FALSE,,https://www.metromadrid.es//es/viaja_en_metro/red_de_metro/lineas_y_horarios/linea05.html,N4ddec175fd1e4eb29aa2b356dc9f3246,Línea 5,https://www.metromadrid.es/es/index.html
Juan de la Cierva,https://www.metromadrid.es//es/viaja_en_metro/red_de_metro/estaciones/JuanCierva.html,TRUE,TRUE,FALSE,,https://www.metromadrid.es//es/viaja_en_metro/red_de_metro/lineas_y_horarios/linea12.html,Nfbbe9604730a47f7a438ffa3e024e405,Línea 12 MetroSur,https://www.metromadrid.es/es/index.html
Vodafone Sol,https://www.metromadrid.es//es/viaja_en_metro/red_de_metro/estaciones/Sol.html,TRUE,TRUE,FALSE, Cercanías Renfe,https://www.metromadrid.es//es/viaja_en_metro/red_de_metro/lineas_y_horarios/linea03.html,N96d2a943dda34a06938ac20e55e8a7d1,Línea 3,https://www.metromadrid.es/es/index.html
Vodafone Sol,https://www.metromadrid.es//es/viaja_en_metro/red_de_metro/estaciones/Sol.html,TRUE,TRUE,FALSE, Cercanías Renfe,https://www.metromadrid.es//es/viaja_en_metro/red_de_metro/lineas_y_horarios/linea01.html,N813ff9f488234a5abfb50f032d4aec88,Línea 1,https://www.metromadrid.es/es/index.html
Vodafone Sol,https://www.metromadrid.es//es/viaja_en_metro/red_de_metro/estaciones/Sol.html,TRUE,TRUE,FALSE, Cercanías Renfe,https://www.metromadrid.es//es/viaja_en_metro/red_de_metro/lineas_y_horarios/linea02.html,N409aa68b91b94d3ca9fd6032272a127c,Línea 2 Vodafone,https://www.metromadrid.es/es/index.html
Parque Lisboa,https://www.metromadrid.es//es/viaja_en_metro/red_de_metro/estaciones/ParqueLisboa.html,TRUE,TRUE,FALSE,,https://www.metromadrid.es//es/viaja_en_metro/red_de_metro/lineas_y_horarios/linea12.html,Nfbbe9604730a47f7a438ffa3e024e405,Línea 12 MetroSur,https://www.metromadrid.es/es/index.html
Sierra de Guadalupe,https://www.metromadrid.es//es/viaja_en_metro/red_de_metro/estaciones/SierraGuadalupe.html,TRUE,TRUE,FALSE, Cercanías Renfe,https://www.metromadrid.es//es/viaja_en_metro/red_de_metro/lineas_y_horarios/linea01.html,N813ff9f488234a5abfb50f032d4aec88,Línea 1,https://www.metromadrid.es/es/index.html
Valdezarza,https://www.metromadrid.es//es/viaja_en_metro/red_de_metro/estaciones/Valdezarza.html,TRUE,TRUE,FALSE,,https://www.metromadrid.es//es/viaja_en_metro/red_de_metro/lineas_y_horarios/linea07.html,N0d6e5c75dec24ce9a67f74c725894bd0,Línea 7,https://www.metromadrid.es/es/index.html
Rivas Futura,https://www.metromadrid.es//es/viaja_en_metro/red_de_metro/estaciones/Rivas_Futura.html,TRUE,TRUE,FALSE,,https://www.metromadrid.es//es/viaja_en_metro/red_de_metro/lineas_y_horarios/linea09.html,N15c3932d937e4e1b8cb30623cd1d55a9,Línea 9,https://www.metromadrid.es/es/index.html
Coslada Central,https://www.metromadrid.es//es/viaja_en_metro/red_de_metro/estaciones/CosladaCentral.html,TRUE,TRUE,FALSE, Cercanías Renfe,https://www.metromadrid.es//es/viaja_en_metro/red_de_metro/lineas_y_horarios/linea07.html,N0d6e5c75dec24ce9a67f74c725894bd0,Línea 7,https://www.metromadrid.es/es/index.html
Hospital de Fuenlabrada,https://www.metromadrid.es//es/viaja_en_metro/red_de_metro/estaciones/HospitalFuenlabrada.html,TRUE,TRUE,FALSE,,https://www.metromadrid.es//es/viaja_en_metro/red_de_metro/lineas_y_horarios/linea12.html,Nfbbe9604730a47f7a438ffa3e024e405,Línea 12 MetroSur,https://www.metromadrid.es/es/index.html
Colonia Jardín,https://www.metromadrid.es//es/viaja_en_metro/red_de_metro/estaciones/ColoniaJardin.html,TRUE,TRUE,FALSE, Autobuses Interurbanos,https://www.metromadrid.es//es/viaja_en_metro/red_de_metro/lineas_y_horarios/linea10.html,Nef4ee0bb7c7c4a12ac4b4188830444f4,Línea 10,https://www.metromadrid.es/es/index.html
Colonia Jardín,https://www.metromadrid.es//es/viaja_en_metro/red_de_metro/estaciones/ColoniaJardin.html,TRUE,TRUE,FALSE, Autobuses Interurbanos,https://www.metromadrid.es//es/viaja_en_metro/red_de_metro/lineas_y_horarios/metro_ligero03.html,Nc5a7614f32364978be4e8b2c3497231f,ML3,https://www.metromadrid.es/es/index.html
Colonia Jardín,https://www.metromadrid.es//es/viaja_en_metro/red_de_metro/estaciones/ColoniaJardin.html,TRUE,TRUE,FALSE, Autobuses Interurbanos,https://www.metromadrid.es//es/viaja_en_metro/red_de_metro/lineas_y_horarios/metro_ligero02.html,Neb13dbe59034491cbf07a2a8624259e5,ML2,https://www.metromadrid.es/es/index.html
Lacoma,https://www.metromadrid.es//es/viaja_en_metro/red_de_metro/estaciones/Lacoma.html,TRUE,TRUE,FALSE,,https://www.metromadrid.es//es/viaja_en_metro/red_de_metro/lineas_y_horarios/linea07.html,N0d6e5c75dec24ce9a67f74c725894bd0,Línea 7,https://www.metromadrid.es/es/index.html
Hospital Infanta Sofía,https://www.metromadrid.es//es/viaja_en_metro/red_de_metro/estaciones/HopitalInfantaSofia.html,TRUE,TRUE,FALSE,,https://www.metromadrid.es//es/viaja_en_metro/red_de_metro/lineas_y_horarios/linea10.html,Nef4ee0bb7c7c4a12ac4b4188830444f4,Línea 10,https://www.metromadrid.es/es/index.html
Antón Martín,https://www.metromadrid.es//es/viaja_en_metro/red_de_metro/estaciones/AntonMartin.html,FALSE,FALSE,FALSE,,https://www.metromadrid.es//es/viaja_en_metro/red_de_metro/lineas_y_horarios/linea01.html,N813ff9f488234a5abfb50f032d4aec88,Línea 1,https://www.metromadrid.es/es/index.html
Ciudad Universitaria,https://www.metromadrid.es//es/viaja_en_metro/red_de_metro/estaciones/CiudadUniversitaria.html,TRUE,TRUE,FALSE, Autobuses Interurbanos,https://www.metromadrid.es//es/viaja_en_metro/red_de_metro/lineas_y_horarios/linea06.html,N0b3660760b3d410b8de821cb0085b8c9,Línea 6 Circular,https://www.metromadrid.es/es/index.html
Quintana,https://www.metromadrid.es//es/viaja_en_metro/red_de_metro/estaciones/Quintana.html,FALSE,FALSE,FALSE,,https://www.metromadrid.es//es/viaja_en_metro/red_de_metro/lineas_y_horarios/linea05.html,N4ddec175fd1e4eb29aa2b356dc9f3246,Línea 5,https://www.metromadrid.es/es/index.html
Concha Espina,https://www.metromadrid.es//es/viaja_en_metro/red_de_metro/estaciones/ConchaEspina.html,TRUE,FALSE,FALSE,,https://www.metromadrid.es//es/viaja_en_metro/red_de_metro/lineas_y_horarios/linea09.html,N15c3932d937e4e1b8cb30623cd1d55a9,Línea 9,https://www.metromadrid.es/es/index.html
Manuel Becerra,https://www.metromadrid.es//es/viaja_en_metro/red_de_metro/estaciones/ManuelBecerra.html,TRUE,FALSE,FALSE,,https://www.metromadrid.es//es/viaja_en_metro/red_de_metro/lineas_y_horarios/linea02.html,N409aa68b91b94d3ca9fd6032272a127c,Línea 2 Vodafone,https://www.metromadrid.es/es/index.html
Manuel Becerra,https://www.metromadrid.es//es/viaja_en_metro/red_de_metro/estaciones/ManuelBecerra.html,TRUE,FALSE,FALSE,,https://www.metromadrid.es//es/viaja_en_metro/red_de_metro/lineas_y_horarios/linea06.html,N0b3660760b3d410b8de821cb0085b8c9,Línea 6 Circular,https://www.metromadrid.es/es/index.html
Bambú,https://www.metromadrid.es//es/viaja_en_metro/red_de_metro/estaciones/Bambu.html,TRUE,TRUE,FALSE,,https://www.metromadrid.es//es/viaja_en_metro/red_de_metro/lineas_y_horarios/linea01.html,N813ff9f488234a5abfb50f032d4aec88,Línea 1,https://www.metromadrid.es/es/index.html
Arganda del Rey,https://www.metromadrid.es//es/viaja_en_metro/red_de_metro/estaciones/Arganda.html,TRUE,TRUE,FALSE,,https://www.metromadrid.es//es/viaja_en_metro/red_de_metro/lineas_y_horarios/linea09.html,N15c3932d937e4e1b8cb30623cd1d55a9,Línea 9,https://www.metromadrid.es/es/index.html
Campo de las Naciones,https://www.metromadrid.es//es/viaja_en_metro/red_de_metro/estaciones/CampoNaciones.html,TRUE,TRUE,FALSE,,https://www.metromadrid.es//es/viaja_en_metro/red_de_metro/lineas_y_horarios/linea08.html,N78f7cccebb9c428182d5b88f37eb03a3,Línea 8,https://www.metromadrid.es/es/index.html
Rivas Urbanizaciones,https://www.metromadrid.es//es/viaja_en_metro/red_de_metro/estaciones/RivasUrbanizaciones.html,TRUE,TRUE,FALSE, Autobuses Interurbanos,https://www.metromadrid.es//es/viaja_en_metro/red_de_metro/lineas_y_horarios/linea09.html,N15c3932d937e4e1b8cb30623cd1d55a9,Línea 9,https://www.metromadrid.es/es/index.html
Tirso de Molina,https://www.metromadrid.es//es/viaja_en_metro/red_de_metro/estaciones/TirsoMolina.html,FALSE,FALSE,FALSE,,https://www.metromadrid.es//es/viaja_en_metro/red_de_metro/lineas_y_horarios/linea01.html,N813ff9f488234a5abfb50f032d4aec88,Línea 1,https://www.metromadrid.es/es/index.html
Cuatro Vientos,https://www.metromadrid.es//es/viaja_en_metro/red_de_metro/estaciones/CuatroVientos.html,TRUE,TRUE,TRUE, Cercanías Renfe,https://www.metromadrid.es//es/viaja_en_metro/red_de_metro/lineas_y_horarios/linea10.html,Nef4ee0bb7c7c4a12ac4b4188830444f4,Línea 10,https://www.metromadrid.es/es/index.html
Conservatorio,https://www.metromadrid.es//es/viaja_en_metro/red_de_metro/estaciones/Conservatorio.html,TRUE,TRUE,FALSE,,https://www.metromadrid.es//es/viaja_en_metro/red_de_metro/lineas_y_horarios/linea12.html,Nfbbe9604730a47f7a438ffa3e024e405,Línea 12 MetroSur,https://www.metromadrid.es/es/index.html
Marqués de Vadillo,https://www.metromadrid.es//es/viaja_en_metro/red_de_metro/estaciones/MarquesVadillo.html,FALSE,FALSE,FALSE,,https://www.metromadrid.es//es/viaja_en_metro/red_de_metro/lineas_y_horarios/linea05.html,N4ddec175fd1e4eb29aa2b356dc9f3246,Línea 5,https://www.metromadrid.es/es/index.html
Nuevos Ministerios,https://www.metromadrid.es//es/viaja_en_metro/red_de_metro/estaciones/NuevosMinisterios.html,TRUE,TRUE,TRUE, Cercanías Renfe,https://www.metromadrid.es//es/viaja_en_metro/red_de_metro/lineas_y_horarios/linea06.html,N0b3660760b3d410b8de821cb0085b8c9,Línea 6 Circular,https://www.metromadrid.es/es/index.html
Nuevos Ministerios,https://www.metromadrid.es//es/viaja_en_metro/red_de_metro/estaciones/NuevosMinisterios.html,TRUE,TRUE,TRUE, Cercanías Renfe,https://www.metromadrid.es//es/viaja_en_metro/red_de_metro/lineas_y_horarios/linea08.html,N78f7cccebb9c428182d5b88f37eb03a3,Línea 8,https://www.metromadrid.es/es/index.html
Nuevos Ministerios,https://www.metromadrid.es//es/viaja_en_metro/red_de_metro/estaciones/NuevosMinisterios.html,TRUE,TRUE,TRUE, Cercanías Renfe,https://www.metromadrid.es//es/viaja_en_metro/red_de_metro/lineas_y_horarios/linea10.html,Nef4ee0bb7c7c4a12ac4b4188830444f4,Línea 10,https://www.metromadrid.es/es/index.html
Fuente de la Mora,https://www.metromadrid.es//es/viaja_en_metro/red_de_metro/estaciones/FuenteMora.html,TRUE,TRUE,FALSE, Cercanías Renfe,https://www.metromadrid.es//es/viaja_en_metro/red_de_metro/lineas_y_horarios/metro_ligero01.html,N4cb815f8049449fe85693eff2b8ae520,ML1,https://www.metromadrid.es/es/index.html
Blasco Ibáñez,https://www.metromadrid.es//es/viaja_en_metro/red_de_metro/estaciones/BlascoIbanez.html,TRUE,TRUE,FALSE,,https://www.metromadrid.es//es/viaja_en_metro/red_de_metro/lineas_y_horarios/metro_ligero01.html,N4cb815f8049449fe85693eff2b8ae520,ML1,https://www.metromadrid.es/es/index.html
Moncloa,https://www.metromadrid.es//es/viaja_en_metro/red_de_metro/estaciones/Moncloa.html,TRUE,TRUE,FALSE,,https://www.metromadrid.es//es/viaja_en_metro/red_de_metro/lineas_y_horarios/linea06.html,N0b3660760b3d410b8de821cb0085b8c9,Línea 6 Circular,https://www.metromadrid.es/es/index.html
Moncloa,https://www.metromadrid.es//es/viaja_en_metro/red_de_metro/estaciones/Moncloa.html,TRUE,TRUE,FALSE,,https://www.metromadrid.es//es/viaja_en_metro/red_de_metro/lineas_y_horarios/linea03.html,N96d2a943dda34a06938ac20e55e8a7d1,Línea 3,https://www.metromadrid.es/es/index.html
Iglesia,https://www.metromadrid.es//es/viaja_en_metro/red_de_metro/estaciones/Iglesia.html,FALSE,TRUE,FALSE,,https://www.metromadrid.es//es/viaja_en_metro/red_de_metro/lineas_y_horarios/linea01.html,N813ff9f488234a5abfb50f032d4aec88,Línea 1,https://www.metromadrid.es/es/index.html
Tribunal,https://www.metromadrid.es//es/viaja_en_metro/red_de_metro/estaciones/Tribunal.html,TRUE,FALSE,FALSE,,https://www.metromadrid.es//es/viaja_en_metro/red_de_metro/lineas_y_horarios/linea10.html,Nef4ee0bb7c7c4a12ac4b4188830444f4,Línea 10,https://www.metromadrid.es/es/index.html
Tribunal,https://www.metromadrid.es//es/viaja_en_metro/red_de_metro/estaciones/Tribunal.html,TRUE,FALSE,FALSE,,https://www.metromadrid.es//es/viaja_en_metro/red_de_metro/lineas_y_horarios/linea01.html,N813ff9f488234a5abfb50f032d4aec88,Línea 1,https://www.metromadrid.es/es/index.html
Carpetana,https://www.metromadrid.es//es/viaja_en_metro/red_de_metro/estaciones/Carpetana.html,TRUE,TRUE,FALSE,,https://www.metromadrid.es//es/viaja_en_metro/red_de_metro/lineas_y_horarios/linea06.html,N0b3660760b3d410b8de821cb0085b8c9,Línea 6 Circular,https://www.metromadrid.es/es/index.html
Vinateros,https://www.metromadrid.es//es/viaja_en_metro/red_de_metro/estaciones/Vinateros.html,TRUE,FALSE,FALSE,,https://www.metromadrid.es//es/viaja_en_metro/red_de_metro/lineas_y_horarios/linea09.html,N15c3932d937e4e1b8cb30623cd1d55a9,Línea 9,https://www.metromadrid.es/es/index.html
Rivas Vaciamadrid,https://www.metromadrid.es//es/viaja_en_metro/red_de_metro/estaciones/RivasVaciamadrid.html,TRUE,TRUE,FALSE, Autobuses Interurbanos,https://www.metromadrid.es//es/viaja_en_metro/red_de_metro/lineas_y_horarios/linea09.html,N15c3932d937e4e1b8cb30623cd1d55a9,Línea 9,https://www.metromadrid.es/es/index.html
Valdecarros,https://www.metromadrid.es//es/viaja_en_metro/red_de_metro/estaciones/Valdecarros.html,TRUE,TRUE,FALSE,,https://www.metromadrid.es//es/viaja_en_metro/red_de_metro/lineas_y_horarios/linea01.html,N813ff9f488234a5abfb50f032d4aec88,Línea 1,https://www.metromadrid.es/es/index.html
Móstoles Central,https://www.metromadrid.es//es/viaja_en_metro/red_de_metro/estaciones/MostolesCentral.html,TRUE,TRUE,FALSE, Cercanías Renfe,https://www.metromadrid.es//es/viaja_en_metro/red_de_metro/lineas_y_horarios/linea12.html,Nfbbe9604730a47f7a438ffa3e024e405,Línea 12 MetroSur,https://www.metromadrid.es/es/index.html
Pitis,https://www.metromadrid.es//es/viaja_en_metro/red_de_metro/estaciones/Pitis.html,TRUE,TRUE,FALSE, Cercanías Renfe,https://www.metromadrid.es//es/viaja_en_metro/red_de_metro/lineas_y_horarios/linea07.html,N0d6e5c75dec24ce9a67f74c725894bd0,Línea 7,https://www.metromadrid.es/es/index.html
San Cipriano,https://www.metromadrid.es//es/viaja_en_metro/red_de_metro/estaciones/SanCipriano.html,TRUE,TRUE,FALSE,,https://www.metromadrid.es//es/viaja_en_metro/red_de_metro/lineas_y_horarios/linea09.html,N15c3932d937e4e1b8cb30623cd1d55a9,Línea 9,https://www.metromadrid.es/es/index.html
Avenida de la Paz,https://www.metromadrid.es//es/viaja_en_metro/red_de_metro/estaciones/AvdaPaz.html,TRUE,FALSE,FALSE,,https://www.metromadrid.es//es/viaja_en_metro/red_de_metro/lineas_y_horarios/linea04.html,Nb3d1b35261734a4094b3dc15998b929b,Línea 4,https://www.metromadrid.es/es/index.html
Principe Pío,https://www.metromadrid.es//es/viaja_en_metro/red_de_metro/estaciones/PrincipePio.html,TRUE,TRUE,FALSE,,https://www.metromadrid.es//es/viaja_en_metro/red_de_metro/lineas_y_horarios/linea06.html,N0b3660760b3d410b8de821cb0085b8c9,Línea 6 Circular,https://www.metromadrid.es/es/index.html
Principe Pío,https://www.metromadrid.es//es/viaja_en_metro/red_de_metro/estaciones/PrincipePio.html,TRUE,TRUE,FALSE,,https://www.metromadrid.es//es/viaja_en_metro/red_de_metro/lineas_y_horarios/linea10.html,Nef4ee0bb7c7c4a12ac4b4188830444f4,Línea 10,https://www.metromadrid.es/es/index.html
Principe Pío,https://www.metromadrid.es//es/viaja_en_metro/red_de_metro/estaciones/PrincipePio.html,TRUE,TRUE,FALSE,,https://www.metromadrid.es//es/viaja_en_metro/red_de_metro/lineas_y_horarios/lineaR.html,Nef502614ac834beeb04782aae61db63d,Ramal,https://www.metromadrid.es/es/index.html
Henares,https://www.metromadrid.es//es/viaja_en_metro/red_de_metro/estaciones/Henares.html,TRUE,TRUE,FALSE,,https://www.metromadrid.es//es/viaja_en_metro/red_de_metro/lineas_y_horarios/linea07.html,N0d6e5c75dec24ce9a67f74c725894bd0,Línea 7,https://www.metromadrid.es/es/index.html
San Lorenzo,https://www.metromadrid.es//es/viaja_en_metro/red_de_metro/estaciones/SanLorenzo.html,TRUE,TRUE,FALSE,,https://www.metromadrid.es//es/viaja_en_metro/red_de_metro/lineas_y_horarios/linea04.html,Nb3d1b35261734a4094b3dc15998b929b,Línea 4,https://www.metromadrid.es/es/index.html
Cantabria,https://www.metromadrid.es//es/viaja_en_metro/red_de_metro/estaciones/Cantabria.html,FALSE,FALSE,FALSE,,https://www.metromadrid.es//es/viaja_en_metro/red_de_metro/lineas_y_horarios/metro_ligero03.html,Nc5a7614f32364978be4e8b2c3497231f,ML3,https://www.metromadrid.es/es/index.html
Barrio del Pilar,https://www.metromadrid.es//es/viaja_en_metro/red_de_metro/estaciones/BarrioPilar.html,TRUE,FALSE,FALSE,,https://www.metromadrid.es//es/viaja_en_metro/red_de_metro/lineas_y_horarios/linea09.html,N15c3932d937e4e1b8cb30623cd1d55a9,Línea 9,https://www.metromadrid.es/es/index.html
Pacífico,https://www.metromadrid.es//es/viaja_en_metro/red_de_metro/estaciones/Pacifico.html,TRUE,FALSE,TRUE,,https://www.metromadrid.es//es/viaja_en_metro/red_de_metro/lineas_y_horarios/linea06.html,N0b3660760b3d410b8de821cb0085b8c9,Línea 6 Circular,https://www.metromadrid.es/es/index.html
Pacífico,https://www.metromadrid.es//es/viaja_en_metro/red_de_metro/estaciones/Pacifico.html,TRUE,FALSE,TRUE,,https://www.metromadrid.es//es/viaja_en_metro/red_de_metro/lineas_y_horarios/linea01.html,N813ff9f488234a5abfb50f032d4aec88,Línea 1,https://www.metromadrid.es/es/index.html
Casa del Reloj,https://www.metromadrid.es//es/viaja_en_metro/red_de_metro/estaciones/CasaReloj.html,TRUE,TRUE,FALSE,,https://www.metromadrid.es//es/viaja_en_metro/red_de_metro/lineas_y_horarios/linea12.html,Nfbbe9604730a47f7a438ffa3e024e405,Línea 12 MetroSur,https://www.metromadrid.es/es/index.html
El Carmen,https://www.metromadrid.es//es/viaja_en_metro/red_de_metro/estaciones/ElCarmen.html,TRUE,FALSE,FALSE,,https://www.metromadrid.es//es/viaja_en_metro/red_de_metro/lineas_y_horarios/linea05.html,N4ddec175fd1e4eb29aa2b356dc9f3246,Línea 5,https://www.metromadrid.es/es/index.html
Sainz de Baranda,https://www.metromadrid.es//es/viaja_en_metro/red_de_metro/estaciones/SainzBaranda.html,TRUE,TRUE,FALSE,,https://www.metromadrid.es//es/viaja_en_metro/red_de_metro/lineas_y_horarios/linea06.html,N0b3660760b3d410b8de821cb0085b8c9,Línea 6 Circular,https://www.metromadrid.es/es/index.html
Sainz de Baranda,https://www.metromadrid.es//es/viaja_en_metro/red_de_metro/estaciones/SainzBaranda.html,TRUE,TRUE,FALSE,,https://www.metromadrid.es//es/viaja_en_metro/red_de_metro/lineas_y_horarios/linea09.html,N15c3932d937e4e1b8cb30623cd1d55a9,Línea 9,https://www.metromadrid.es/es/index.html
María Tudor,https://www.metromadrid.es//es/viaja_en_metro/red_de_metro/estaciones/MariaTudor.html,TRUE,TRUE,FALSE,,https://www.metromadrid.es//es/viaja_en_metro/red_de_metro/lineas_y_horarios/metro_ligero01.html,N4cb815f8049449fe85693eff2b8ae520,ML1,https://www.metromadrid.es/es/index.html
Hortaleza,https://www.metromadrid.es//es/viaja_en_metro/red_de_metro/estaciones/Hortaleza.html,TRUE,TRUE,FALSE,,https://www.metromadrid.es//es/viaja_en_metro/red_de_metro/lineas_y_horarios/linea04.html,Nb3d1b35261734a4094b3dc15998b929b,Línea 4,https://www.metromadrid.es/es/index.html
Aeropuerto T1 T2 T3,https://www.metromadrid.es//es/viaja_en_metro/red_de_metro/estaciones/Aeropuerto.html,TRUE,TRUE,FALSE,,https://www.metromadrid.es//es/viaja_en_metro/red_de_metro/lineas_y_horarios/linea08.html,N78f7cccebb9c428182d5b88f37eb03a3,Línea 8,https://www.metromadrid.es/es/index.html
Vicálvaro,https://www.metromadrid.es//es/viaja_en_metro/red_de_metro/estaciones/Vicalvaro.html,TRUE,TRUE,FALSE,,https://www.metromadrid.es//es/viaja_en_metro/red_de_metro/lineas_y_horarios/linea09.html,N15c3932d937e4e1b8cb30623cd1d55a9,Línea 9,https://www.metromadrid.es/es/index.html
La Elipa,https://www.metromadrid.es//es/viaja_en_metro/red_de_metro/estaciones/LaElipa.html,TRUE,TRUE,FALSE,,https://www.metromadrid.es//es/viaja_en_metro/red_de_metro/lineas_y_horarios/linea02.html,N409aa68b91b94d3ca9fd6032272a127c,Línea 2 Vodafone,https://www.metromadrid.es/es/index.html
Chueca,https://www.metromadrid.es//es/viaja_en_metro/red_de_metro/estaciones/Chueca.html,TRUE,FALSE,FALSE,,https://www.metromadrid.es//es/viaja_en_metro/red_de_metro/lineas_y_horarios/linea05.html,N4ddec175fd1e4eb29aa2b356dc9f3246,Línea 5,https://www.metromadrid.es/es/index.html
República Argentina,https://www.metromadrid.es//es/viaja_en_metro/red_de_metro/estaciones/RepublicaArgentina.html,TRUE,FALSE,FALSE,,https://www.metromadrid.es//es/viaja_en_metro/red_de_metro/lineas_y_horarios/linea06.html,N0b3660760b3d410b8de821cb0085b8c9,Línea 6 Circular,https://www.metromadrid.es/es/index.html
Cruz del Rayo,https://www.metromadrid.es//es/viaja_en_metro/red_de_metro/estaciones/CruzRayo.html,TRUE,FALSE,FALSE,,https://www.metromadrid.es//es/viaja_en_metro/red_de_metro/lineas_y_horarios/linea09.html,N15c3932d937e4e1b8cb30623cd1d55a9,Línea 9,https://www.metromadrid.es/es/index.html
La Peseta,https://www.metromadrid.es//es/viaja_en_metro/red_de_metro/estaciones/LaPeseta.html,TRUE,TRUE,FALSE,,https://www.metromadrid.es//es/viaja_en_metro/red_de_metro/lineas_y_horarios/linea11.html,N36bd200a9b0e4765a60f1267d5659fbe,Línea 11,https://www.metromadrid.es/es/index.html
Méndez Álvaro,https://www.metromadrid.es//es/viaja_en_metro/red_de_metro/estaciones/MendezAlvaro.html,TRUE,FALSE,FALSE,,https://www.metromadrid.es//es/viaja_en_metro/red_de_metro/lineas_y_horarios/linea06.html,N0b3660760b3d410b8de821cb0085b8c9,Línea 6 Circular,https://www.metromadrid.es/es/index.html
Colón,https://www.metromadrid.es//es/viaja_en_metro/red_de_metro/estaciones/Colon.html,FALSE,FALSE,FALSE,,https://www.metromadrid.es//es/viaja_en_metro/red_de_metro/lineas_y_horarios/linea04.html,Nb3d1b35261734a4094b3dc15998b929b,Línea 4,https://www.metromadrid.es/es/index.html
Alonso Cano,https://www.metromadrid.es//es/viaja_en_metro/red_de_metro/estaciones/AlonsoCano.html,TRUE,TRUE,FALSE,,https://www.metromadrid.es//es/viaja_en_metro/red_de_metro/lineas_y_horarios/linea07.html,N0d6e5c75dec24ce9a67f74c725894bd0,Línea 7,https://www.metromadrid.es/es/index.html
Suanzes,https://www.metromadrid.es//es/viaja_en_metro/red_de_metro/estaciones/Suanzes.html,TRUE,FALSE,FALSE,,https://www.metromadrid.es//es/viaja_en_metro/red_de_metro/lineas_y_horarios/linea05.html,N4ddec175fd1e4eb29aa2b356dc9f3246,Línea 5,https://www.metromadrid.es/es/index.html
Eugenia de Montijo,https://www.metromadrid.es//es/viaja_en_metro/red_de_metro/estaciones/EugeniaMontijo.html,TRUE,TRUE,FALSE,,https://www.metromadrid.es//es/viaja_en_metro/red_de_metro/lineas_y_horarios/linea05.html,N4ddec175fd1e4eb29aa2b356dc9f3246,Línea 5,https://www.metromadrid.es/es/index.html
Simancas,https://www.metromadrid.es//es/viaja_en_metro/red_de_metro/estaciones/Simancas.html,TRUE,FALSE,FALSE,,https://www.metromadrid.es//es/viaja_en_metro/red_de_metro/lineas_y_horarios/linea07.html,N0d6e5c75dec24ce9a67f74c725894bd0,Línea 7,https://www.metromadrid.es/es/index.html
Pan Bendito,https://www.metromadrid.es//es/viaja_en_metro/red_de_metro/estaciones/PanBendito.html,TRUE,TRUE,FALSE,,https://www.metromadrid.es//es/viaja_en_metro/red_de_metro/lineas_y_horarios/linea11.html,N36bd200a9b0e4765a60f1267d5659fbe,Línea 11,https://www.metromadrid.es/es/index.html
Getafe Central,https://www.metromadrid.es//es/viaja_en_metro/red_de_metro/estaciones/GetafeCentral.html,TRUE,TRUE,FALSE, Cercanías Renfe,https://www.metromadrid.es//es/viaja_en_metro/red_de_metro/lineas_y_horarios/linea12.html,Nfbbe9604730a47f7a438ffa3e024e405,Línea 12 MetroSur,https://www.metromadrid.es/es/index.html
Almendrales,https://www.metromadrid.es//es/viaja_en_metro/red_de_metro/estaciones/Almendrales.html,TRUE,TRUE,FALSE,,https://www.metromadrid.es//es/viaja_en_metro/red_de_metro/lineas_y_horarios/linea03.html,N96d2a943dda34a06938ac20e55e8a7d1,Línea 3,https://www.metromadrid.es/es/index.html
Avenida de Guadalajara,https://www.metromadrid.es//es/viaja_en_metro/red_de_metro/estaciones/AvdaGuadalajara.html,TRUE,TRUE,FALSE,,https://www.metromadrid.es//es/viaja_en_metro/red_de_metro/lineas_y_horarios/linea02.html,N409aa68b91b94d3ca9fd6032272a127c,Línea 2 Vodafone,https://www.metromadrid.es/es/index.html
Hospital Severo Ochoa,https://www.metromadrid.es//es/viaja_en_metro/red_de_metro/estaciones/HospitalSeveroOchoa.html,TRUE,TRUE,FALSE,,https://www.metromadrid.es//es/viaja_en_metro/red_de_metro/lineas_y_horarios/linea12.html,Nfbbe9604730a47f7a438ffa3e024e405,Línea 12 MetroSur,https://www.metromadrid.es/es/index.html
Montepríncipe,https://www.metromadrid.es//es/viaja_en_metro/red_de_metro/estaciones/Monteprincipe.html,FALSE,TRUE,FALSE,,https://www.metromadrid.es//es/viaja_en_metro/red_de_metro/lineas_y_horarios/metro_ligero03.html,Nc5a7614f32364978be4e8b2c3497231f,ML3,https://www.metromadrid.es/es/index.html
Cuatro Caminos,https://www.metromadrid.es//es/viaja_en_metro/red_de_metro/estaciones/CuatroCaminos.html,TRUE,TRUE,FALSE,,https://www.metromadrid.es//es/viaja_en_metro/red_de_metro/lineas_y_horarios/linea02.html,N409aa68b91b94d3ca9fd6032272a127c,Línea 2 Vodafone,https://www.metromadrid.es/es/index.html
Cuatro Caminos,https://www.metromadrid.es//es/viaja_en_metro/red_de_metro/estaciones/CuatroCaminos.html,TRUE,TRUE,FALSE,,https://www.metromadrid.es//es/viaja_en_metro/red_de_metro/lineas_y_horarios/linea01.html,N813ff9f488234a5abfb50f032d4aec88,Línea 1,https://www.metromadrid.es/es/index.html
Cuatro Caminos,https://www.metromadrid.es//es/viaja_en_metro/red_de_metro/estaciones/CuatroCaminos.html,TRUE,TRUE,FALSE,,https://www.metromadrid.es//es/viaja_en_metro/red_de_metro/lineas_y_horarios/linea06.html,N0b3660760b3d410b8de821cb0085b8c9,Línea 6 Circular,https://www.metromadrid.es/es/index.html
Lucero,https://www.metromadrid.es//es/viaja_en_metro/red_de_metro/estaciones/Lucero.html,FALSE,TRUE,FALSE,,https://www.metromadrid.es//es/viaja_en_metro/red_de_metro/lineas_y_horarios/linea06.html,N0b3660760b3d410b8de821cb0085b8c9,Línea 6 Circular,https://www.metromadrid.es/es/index.html
Puerta del Sur,https://www.metromadrid.es//es/viaja_en_metro/red_de_metro/estaciones/PuertaSur.html,TRUE,TRUE,FALSE, Autobuses Interurbanos,https://www.metromadrid.es//es/viaja_en_metro/red_de_metro/lineas_y_horarios/linea10.html,Nef4ee0bb7c7c4a12ac4b4188830444f4,Línea 10,https://www.metromadrid.es/es/index.html
Puerta del Sur,https://www.metromadrid.es//es/viaja_en_metro/red_de_metro/estaciones/PuertaSur.html,TRUE,TRUE,FALSE, Autobuses Interurbanos,https://www.metromadrid.es//es/viaja_en_metro/red_de_metro/lineas_y_horarios/linea12.html,Nfbbe9604730a47f7a438ffa3e024e405,Línea 12 MetroSur,https://www.metromadrid.es/es/index.html
Peñagrande,https://www.metromadrid.es//es/viaja_en_metro/red_de_metro/estaciones/Penagrande.html,TRUE,TRUE,FALSE,,https://www.metromadrid.es//es/viaja_en_metro/red_de_metro/lineas_y_horarios/linea07.html,N0d6e5c75dec24ce9a67f74c725894bd0,Línea 7,https://www.metromadrid.es/es/index.html
El Casar,https://www.metromadrid.es//es/viaja_en_metro/red_de_metro/estaciones/ElCasar.html,TRUE,TRUE,FALSE, Cercanías Renfe,https://www.metromadrid.es//es/viaja_en_metro/red_de_metro/lineas_y_horarios/linea12.html,Nfbbe9604730a47f7a438ffa3e024e405,Línea 12 MetroSur,https://www.metromadrid.es/es/index.html
La Almudena,https://www.metromadrid.es//es/viaja_en_metro/red_de_metro/estaciones/LaAlmudena.html,TRUE,TRUE,FALSE,,https://www.metromadrid.es//es/viaja_en_metro/red_de_metro/lineas_y_horarios/linea02.html,N409aa68b91b94d3ca9fd6032272a127c,Línea 2 Vodafone,https://www.metromadrid.es/es/index.html
Alameda de Osuna,https://www.metromadrid.es//es/viaja_en_metro/red_de_metro/estaciones/AlamedaOsuna.html,TRUE,TRUE,FALSE,,https://www.metromadrid.es//es/viaja_en_metro/red_de_metro/lineas_y_horarios/linea05.html,N4ddec175fd1e4eb29aa2b356dc9f3246,Línea 5,https://www.metromadrid.es/es/index.html
Valdeacederas,https://www.metromadrid.es//es/viaja_en_metro/red_de_metro/estaciones/Valdeacederas.html,FALSE,FALSE,FALSE,,https://www.metromadrid.es//es/viaja_en_metro/red_de_metro/lineas_y_horarios/linea01.html,N813ff9f488234a5abfb50f032d4aec88,Línea 1,https://www.metromadrid.es/es/index.html
Parque Europa,https://www.metromadrid.es//es/viaja_en_metro/red_de_metro/estaciones/ParqueEuropa.html,TRUE,TRUE,FALSE,,https://www.metromadrid.es//es/viaja_en_metro/red_de_metro/lineas_y_horarios/linea12.html,Nfbbe9604730a47f7a438ffa3e024e405,Línea 12 MetroSur,https://www.metromadrid.es/es/index.html
Metropolitano,https://www.metromadrid.es//es/viaja_en_metro/red_de_metro/estaciones/Metropolitano.html,TRUE,FALSE,FALSE,,https://www.metromadrid.es//es/viaja_en_metro/red_de_metro/lineas_y_horarios/linea06.html,N0b3660760b3d410b8de821cb0085b8c9,Línea 6 Circular,https://www.metromadrid.es/es/index.html
Montecarmelo,https://www.metromadrid.es//es/viaja_en_metro/red_de_metro/estaciones/MonteCarmelo.html,TRUE,TRUE,FALSE,,https://www.metromadrid.es//es/viaja_en_metro/red_de_metro/lineas_y_horarios/linea10.html,Nef4ee0bb7c7c4a12ac4b4188830444f4,Línea 10,https://www.metromadrid.es/es/index.html
Somosaguas Centro,https://www.metromadrid.es//es/viaja_en_metro/red_de_metro/estaciones/SomosaguasCentro.html,FALSE,FALSE,FALSE,,https://www.metromadrid.es//es/viaja_en_metro/red_de_metro/lineas_y_horarios/metro_ligero02.html,Neb13dbe59034491cbf07a2a8624259e5,ML2,https://www.metromadrid.es/es/index.html
Tres Olivos,https://www.metromadrid.es//es/viaja_en_metro/red_de_metro/estaciones/TresOlivos.html,TRUE,TRUE,FALSE,,https://www.metromadrid.es//es/viaja_en_metro/red_de_metro/lineas_y_horarios/linea10.html,Nef4ee0bb7c7c4a12ac4b4188830444f4,Línea 10,https://www.metromadrid.es/es/index.html
Argüelles,https://www.metromadrid.es//es/viaja_en_metro/red_de_metro/estaciones/Arguelles.html,TRUE,TRUE,FALSE,,https://www.metromadrid.es//es/viaja_en_metro/red_de_metro/lineas_y_horarios/linea06.html,N0b3660760b3d410b8de821cb0085b8c9,Línea 6 Circular,https://www.metromadrid.es/es/index.html
Argüelles,https://www.metromadrid.es//es/viaja_en_metro/red_de_metro/estaciones/Arguelles.html,TRUE,TRUE,FALSE,,https://www.metromadrid.es//es/viaja_en_metro/red_de_metro/lineas_y_horarios/linea03.html,N96d2a943dda34a06938ac20e55e8a7d1,Línea 3,https://www.metromadrid.es/es/index.html
Argüelles,https://www.metromadrid.es//es/viaja_en_metro/red_de_metro/estaciones/Arguelles.html,TRUE,TRUE,FALSE,,https://www.metromadrid.es//es/viaja_en_metro/red_de_metro/lineas_y_horarios/linea04.html,Nb3d1b35261734a4094b3dc15998b929b,Línea 4,https://www.metromadrid.es/es/index.html
Embajadores,https://www.metromadrid.es//es/viaja_en_metro/red_de_metro/estaciones/Embajadores.html,FALSE,TRUE,FALSE, Cercanías Renfe,https://www.metromadrid.es//es/viaja_en_metro/red_de_metro/lineas_y_horarios/linea03.html,N96d2a943dda34a06938ac20e55e8a7d1,Línea 3,https://www.metromadrid.es/es/index.html
Julián Besteiro,https://www.metromadrid.es//es/viaja_en_metro/red_de_metro/estaciones/JulianBesteiro.html,TRUE,TRUE,FALSE,,https://www.metromadrid.es//es/viaja_en_metro/red_de_metro/lineas_y_horarios/linea12.html,Nfbbe9604730a47f7a438ffa3e024e405,Línea 12 MetroSur,https://www.metromadrid.es/es/index.html
Ventorro del Cano,https://www.metromadrid.es//es/viaja_en_metro/red_de_metro/estaciones/VentorroCano.html,FALSE,FALSE,FALSE,,https://www.metromadrid.es//es/viaja_en_metro/red_de_metro/lineas_y_horarios/metro_ligero03.html,Nc5a7614f32364978be4e8b2c3497231f,ML3,https://www.metromadrid.es/es/index.html
Retiro,https://www.metromadrid.es//es/viaja_en_metro/red_de_metro/estaciones/Retiro.html,FALSE,FALSE,FALSE,,https://www.metromadrid.es//es/viaja_en_metro/red_de_metro/lineas_y_horarios/linea02.html,N409aa68b91b94d3ca9fd6032272a127c,Línea 2 Vodafone,https://www.metromadrid.es/es/index.html
La Fortuna,https://www.metromadrid.es//es/viaja_en_metro/red_de_metro/estaciones/LaFortuna.html,FALSE,FALSE,FALSE,,https://www.metromadrid.es//es/viaja_en_metro/red_de_metro/lineas_y_horarios/linea11.html,N36bd200a9b0e4765a60f1267d5659fbe,Línea 11,https://www.metromadrid.es/es/index.html
Hospital del Henares,https://www.metromadrid.es//es/viaja_en_metro/red_de_metro/estaciones/HospitalHenares.html,TRUE,TRUE,FALSE,,https://www.metromadrid.es//es/viaja_en_metro/red_de_metro/lineas_y_horarios/linea07.html,N0d6e5c75dec24ce9a67f74c725894bd0,Línea 7,https://www.metromadrid.es/es/index.html
Noviciado,https://www.metromadrid.es//es/viaja_en_metro/red_de_metro/estaciones/Noviciado.html,TRUE,FALSE,FALSE,,https://www.metromadrid.es//es/viaja_en_metro/red_de_metro/lineas_y_horarios/linea02.html,N409aa68b91b94d3ca9fd6032272a127c,Línea 2 Vodafone,https://www.metromadrid.es/es/index.html
Núñez de Balboa,https://www.metromadrid.es//es/viaja_en_metro/red_de_metro/estaciones/NunezBalboa.html,TRUE,FALSE,FALSE,,https://www.metromadrid.es//es/viaja_en_metro/red_de_metro/lineas_y_horarios/linea05.html,N4ddec175fd1e4eb29aa2b356dc9f3246,Línea 5,https://www.metromadrid.es/es/index.html
Núñez de Balboa,https://www.metromadrid.es//es/viaja_en_metro/red_de_metro/estaciones/NunezBalboa.html,TRUE,FALSE,FALSE,,https://www.metromadrid.es//es/viaja_en_metro/red_de_metro/lineas_y_horarios/linea09.html,N15c3932d937e4e1b8cb30623cd1d55a9,Línea 9,https://www.metromadrid.es/es/index.html
Nueva Numancia,https://www.metromadrid.es//es/viaja_en_metro/red_de_metro/estaciones/NuevaNumancia.html,TRUE,FALSE,FALSE,,https://www.metromadrid.es//es/viaja_en_metro/red_de_metro/lineas_y_horarios/linea01.html,N813ff9f488234a5abfb50f032d4aec88,Línea 1,https://www.metromadrid.es/es/index.html
Parque de las Avenidas,https://www.metromadrid.es//es/viaja_en_metro/red_de_metro/estaciones/ParqueAvenidas.html,TRUE,FALSE,FALSE,,https://www.metromadrid.es//es/viaja_en_metro/red_de_metro/lineas_y_horarios/linea07.html,N0d6e5c75dec24ce9a67f74c725894bd0,Línea 7,https://www.metromadrid.es/es/index.html
Conde de Casal,https://www.metromadrid.es//es/viaja_en_metro/red_de_metro/estaciones/CondeCasal.html,TRUE,TRUE,FALSE, Autobuses Interurbanos,https://www.metromadrid.es//es/viaja_en_metro/red_de_metro/lineas_y_horarios/linea06.html,N0b3660760b3d410b8de821cb0085b8c9,Línea 6 Circular,https://www.metromadrid.es/es/index.html
Opañel,https://www.metromadrid.es//es/viaja_en_metro/red_de_metro/estaciones/Opanel.html,TRUE,FALSE,FALSE,,https://www.metromadrid.es//es/viaja_en_metro/red_de_metro/lineas_y_horarios/linea06.html,N0b3660760b3d410b8de821cb0085b8c9,Línea 6 Circular,https://www.metromadrid.es/es/index.html
Alto de Extremadura,https://www.metromadrid.es//es/viaja_en_metro/red_de_metro/estaciones/AltoExtremadura.html,TRUE,FALSE,FALSE,,https://www.metromadrid.es//es/viaja_en_metro/red_de_metro/lineas_y_horarios/linea06.html,N0b3660760b3d410b8de821cb0085b8c9,Línea 6 Circular,https://www.metromadrid.es/es/index.html
Ciudad de los Ángeles,https://www.metromadrid.es//es/viaja_en_metro/red_de_metro/estaciones/CiudadAngeles.html,TRUE,TRUE,FALSE,,https://www.metromadrid.es//es/viaja_en_metro/red_de_metro/lineas_y_horarios/linea03.html,N96d2a943dda34a06938ac20e55e8a7d1,Línea 3,https://www.metromadrid.es/es/index.html
Mirasierra,https://www.metromadrid.es//es/viaja_en_metro/red_de_metro/estaciones/Mirasierra.html,TRUE,TRUE,FALSE,,https://www.metromadrid.es//es/viaja_en_metro/red_de_metro/lineas_y_horarios/linea09.html,N15c3932d937e4e1b8cb30623cd1d55a9,Línea 9,https://www.metromadrid.es/es/index.html
Alonso de Mendoza,https://www.metromadrid.es//es/viaja_en_metro/red_de_metro/estaciones/AlonsoMendoza.html,TRUE,TRUE,FALSE,,https://www.metromadrid.es//es/viaja_en_metro/red_de_metro/lineas_y_horarios/linea12.html,Nfbbe9604730a47f7a438ffa3e024e405,Línea 12 MetroSur,https://www.metromadrid.es/es/index.html
Canillejas,https://www.metromadrid.es//es/viaja_en_metro/red_de_metro/estaciones/Canillejas.html,TRUE,FALSE,FALSE,,https://www.metromadrid.es//es/viaja_en_metro/red_de_metro/lineas_y_horarios/linea05.html,N4ddec175fd1e4eb29aa2b356dc9f3246,Línea 5,https://www.metromadrid.es/es/index.html
La Gavia,https://www.metromadrid.es//es/viaja_en_metro/red_de_metro/estaciones/LaGavia.html,TRUE,TRUE,FALSE,,https://www.metromadrid.es//es/viaja_en_metro/red_de_metro/lineas_y_horarios/linea01.html,N813ff9f488234a5abfb50f032d4aec88,Línea 1,https://www.metromadrid.es/es/index.html
Lavapiés,https://www.metromadrid.es//es/viaja_en_metro/red_de_metro/estaciones/Lavapies.html,FALSE,TRUE,FALSE,,https://www.metromadrid.es//es/viaja_en_metro/red_de_metro/lineas_y_horarios/linea03.html,N96d2a943dda34a06938ac20e55e8a7d1,Línea 3,https://www.metromadrid.es/es/index.html
Puerta de Arganda,https://www.metromadrid.es//es/viaja_en_metro/red_de_metro/estaciones/PuertaArganda.html,TRUE,TRUE,FALSE, Cercanías Renfe,https://www.metromadrid.es//es/viaja_en_metro/red_de_metro/lineas_y_horarios/linea09.html,N15c3932d937e4e1b8cb30623cd1d55a9,Línea 9,https://www.metromadrid.es/es/index.html
Canillas,https://www.metromadrid.es//es/viaja_en_metro/red_de_metro/estaciones/Canillas.html,TRUE,TRUE,FALSE,,https://www.metromadrid.es//es/viaja_en_metro/red_de_metro/lineas_y_horarios/linea04.html,Nb3d1b35261734a4094b3dc15998b929b,Línea 4,https://www.metromadrid.es/es/index.html
Siglo XXI,https://www.metromadrid.es//es/viaja_en_metro/red_de_metro/estaciones/SigloXXI.html,FALSE,FALSE,FALSE,,https://www.metromadrid.es//es/viaja_en_metro/red_de_metro/lineas_y_horarios/metro_ligero03.html,Nc5a7614f32364978be4e8b2c3497231f,ML3,https://www.metromadrid.es/es/index.html
Acacias,https://www.metromadrid.es//es/viaja_en_metro/red_de_metro/estaciones/Acacias.html,FALSE,FALSE,FALSE,,https://www.metromadrid.es//es/viaja_en_metro/red_de_metro/lineas_y_horarios/linea05.html,N4ddec175fd1e4eb29aa2b356dc9f3246,Línea 5,https://www.metromadrid.es/es/index.html
Virgen del Cortijo,https://www.metromadrid.es//es/viaja_en_metro/red_de_metro/estaciones/VirgenCortijo.html,TRUE,TRUE,FALSE,,https://www.metromadrid.es//es/viaja_en_metro/red_de_metro/lineas_y_horarios/metro_ligero01.html,N4cb815f8049449fe85693eff2b8ae520,ML1,https://www.metromadrid.es/es/index.html
Pirámides,https://www.metromadrid.es//es/viaja_en_metro/red_de_metro/estaciones/Piramides.html,TRUE,TRUE,FALSE, Cercanías Renfe,https://www.metromadrid.es//es/viaja_en_metro/red_de_metro/lineas_y_horarios/linea05.html,N4ddec175fd1e4eb29aa2b356dc9f3246,Línea 5,https://www.metromadrid.es/es/index.html
Pinar del Rey,https://www.metromadrid.es//es/viaja_en_metro/red_de_metro/estaciones/PinarRey.html,TRUE,TRUE,FALSE,,https://www.metromadrid.es//es/viaja_en_metro/red_de_metro/lineas_y_horarios/linea08.html,N78f7cccebb9c428182d5b88f37eb03a3,Línea 8,https://www.metromadrid.es/es/index.html
Los Espartales,https://www.metromadrid.es//es/viaja_en_metro/red_de_metro/estaciones/LosEspartales.html,TRUE,TRUE,FALSE,,https://www.metromadrid.es//es/viaja_en_metro/red_de_metro/lineas_y_horarios/linea12.html,Nfbbe9604730a47f7a438ffa3e024e405,Línea 12 MetroSur,https://www.metromadrid.es/es/index.html
Alfonso XIII,https://www.metromadrid.es//es/viaja_en_metro/red_de_metro/estaciones/AlfonsoXIII.html,TRUE,FALSE,FALSE,,https://www.metromadrid.es//es/viaja_en_metro/red_de_metro/lineas_y_horarios/linea04.html,Nb3d1b35261734a4094b3dc15998b929b,Línea 4,https://www.metromadrid.es/es/index.html
Alonso Martínez,https://www.metromadrid.es//es/viaja_en_metro/red_de_metro/estaciones/AlonsoMartinez.html,TRUE,FALSE,FALSE,,https://www.metromadrid.es//es/viaja_en_metro/red_de_metro/lineas_y_horarios/linea04.html,Nb3d1b35261734a4094b3dc15998b929b,Línea 4,https://www.metromadrid.es/es/index.html
Alonso Martínez,https://www.metromadrid.es//es/viaja_en_metro/red_de_metro/estaciones/AlonsoMartinez.html,TRUE,FALSE,FALSE,,https://www.metromadrid.es//es/viaja_en_metro/red_de_metro/lineas_y_horarios/linea05.html,N4ddec175fd1e4eb29aa2b356dc9f3246,Línea 5,https://www.metromadrid.es/es/index.html
Alonso Martínez,https://www.metromadrid.es//es/viaja_en_metro/red_de_metro/estaciones/AlonsoMartinez.html,TRUE,FALSE,FALSE,,https://www.metromadrid.es//es/viaja_en_metro/red_de_metro/lineas_y_horarios/linea10.html,Nef4ee0bb7c7c4a12ac4b4188830444f4,Línea 10,https://www.metromadrid.es/es/index.html
Arroyo Culebro,https://www.metromadrid.es//es/viaja_en_metro/red_de_metro/estaciones/ArroyoCulebro.html,TRUE,TRUE,FALSE,,https://www.metromadrid.es//es/viaja_en_metro/red_de_metro/lineas_y_horarios/linea12.html,Nfbbe9604730a47f7a438ffa3e024e405,Línea 12 MetroSur,https://www.metromadrid.es/es/index.html
Infante Don Luís,https://www.metromadrid.es//es/viaja_en_metro/red_de_metro/estaciones/InfanteDonLuis.html,FALSE,FALSE,FALSE,,https://www.metromadrid.es//es/viaja_en_metro/red_de_metro/lineas_y_horarios/metro_ligero03.html,Nc5a7614f32364978be4e8b2c3497231f,ML3,https://www.metromadrid.es/es/index.html
Gregorio Marañón,https://www.metromadrid.es//es/viaja_en_metro/red_de_metro/estaciones/GregorioMaranon.html,TRUE,TRUE,FALSE,,https://www.metromadrid.es//es/viaja_en_metro/red_de_metro/lineas_y_horarios/linea10.html,Nef4ee0bb7c7c4a12ac4b4188830444f4,Línea 10,https://www.metromadrid.es/es/index.html
Gregorio Marañón,https://www.metromadrid.es//es/viaja_en_metro/red_de_metro/estaciones/GregorioMaranon.html,TRUE,TRUE,FALSE,,https://www.metromadrid.es//es/viaja_en_metro/red_de_metro/lineas_y_horarios/linea07.html,N0d6e5c75dec24ce9a67f74c725894bd0,Línea 7,https://www.metromadrid.es/es/index.html
Pío XII,https://www.metromadrid.es//es/viaja_en_metro/red_de_metro/estaciones/PioXII.html,TRUE,FALSE,FALSE,,https://www.metromadrid.es//es/viaja_en_metro/red_de_metro/lineas_y_horarios/linea09.html,N15c3932d937e4e1b8cb30623cd1d55a9,Línea 9,https://www.metromadrid.es/es/index.html
Guzmán el Bueno,https://www.metromadrid.es//es/viaja_en_metro/red_de_metro/estaciones/GuzmanBueno.html,TRUE,TRUE,TRUE,,https://www.metromadrid.es//es/viaja_en_metro/red_de_metro/lineas_y_horarios/linea07.html,N0d6e5c75dec24ce9a67f74c725894bd0,Línea 7,https://www.metromadrid.es/es/index.html
Guzmán el Bueno,https://www.metromadrid.es//es/viaja_en_metro/red_de_metro/estaciones/GuzmanBueno.html,TRUE,TRUE,TRUE,,https://www.metromadrid.es//es/viaja_en_metro/red_de_metro/lineas_y_horarios/linea06.html,N0b3660760b3d410b8de821cb0085b8c9,Línea 6 Circular,https://www.metromadrid.es/es/index.html
Velázquez,https://www.metromadrid.es//es/viaja_en_metro/red_de_metro/estaciones/Velazquez.html,FALSE,FALSE,FALSE,,https://www.metromadrid.es//es/viaja_en_metro/red_de_metro/lineas_y_horarios/linea04.html,Nb3d1b35261734a4094b3dc15998b929b,Línea 4,https://www.metromadrid.es/es/index.html
Reyes Católicos,https://www.metromadrid.es//es/viaja_en_metro/red_de_metro/estaciones/ReyesCatolicos.html,TRUE,TRUE,FALSE,,https://www.metromadrid.es//es/viaja_en_metro/red_de_metro/lineas_y_horarios/linea10.html,Nef4ee0bb7c7c4a12ac4b4188830444f4,Línea 10,https://www.metromadrid.es/es/index.html
García Noblejas,https://www.metromadrid.es//es/viaja_en_metro/red_de_metro/estaciones/GarciaNoblejas.html,TRUE,FALSE,FALSE,,https://www.metromadrid.es//es/viaja_en_metro/red_de_metro/lineas_y_horarios/linea07.html,N0d6e5c75dec24ce9a67f74c725894bd0,Línea 7,https://www.metromadrid.es/es/index.html
Chamartín,https://www.metromadrid.es//es/viaja_en_metro/red_de_metro/estaciones/Chamartin.html,TRUE,TRUE,FALSE,,https://www.metromadrid.es//es/viaja_en_metro/red_de_metro/lineas_y_horarios/linea10.html,Nef4ee0bb7c7c4a12ac4b4188830444f4,Línea 10,https://www.metromadrid.es/es/index.html
Chamartín,https://www.metromadrid.es//es/viaja_en_metro/red_de_metro/estaciones/Chamartin.html,TRUE,TRUE,FALSE,,https://www.metromadrid.es//es/viaja_en_metro/red_de_metro/lineas_y_horarios/linea01.html,N813ff9f488234a5abfb50f032d4aec88,Línea 1,https://www.metromadrid.es/es/index.html
Antonio Machado,https://www.metromadrid.es//es/viaja_en_metro/red_de_metro/estaciones/AntonioMachado.html,TRUE,TRUE,FALSE,,https://www.metromadrid.es//es/viaja_en_metro/red_de_metro/lineas_y_horarios/linea07.html,N0d6e5c75dec24ce9a67f74c725894bd0,Línea 7,https://www.metromadrid.es/es/index.html
Barrio de la Concepción,https://www.metromadrid.es//es/viaja_en_metro/red_de_metro/estaciones/BarrioConcepcion.html,TRUE,FALSE,FALSE,,https://www.metromadrid.es//es/viaja_en_metro/red_de_metro/lineas_y_horarios/linea07.html,N0d6e5c75dec24ce9a67f74c725894bd0,Línea 7,https://www.metromadrid.es/es/index.html
Prado del Rey,https://www.metromadrid.es//es/viaja_en_metro/red_de_metro/estaciones/PradoRey.html,FALSE,FALSE,FALSE,,https://www.metromadrid.es//es/viaja_en_metro/red_de_metro/lineas_y_horarios/metro_ligero02.html,Neb13dbe59034491cbf07a2a8624259e5,ML2,https://www.metromadrid.es/es/index.html
Usera,https://www.metromadrid.es//es/viaja_en_metro/red_de_metro/estaciones/Usera.html,TRUE,FALSE,FALSE,,https://www.metromadrid.es//es/viaja_en_metro/red_de_metro/lineas_y_horarios/linea06.html,N0b3660760b3d410b8de821cb0085b8c9,Línea 6 Circular,https://www.metromadrid.es/es/index.html
Aluche,https://www.metromadrid.es//es/viaja_en_metro/red_de_metro/estaciones/Aluche.html,TRUE,TRUE,FALSE,,https://www.metromadrid.es//es/viaja_en_metro/red_de_metro/lineas_y_horarios/linea05.html,N4ddec175fd1e4eb29aa2b356dc9f3246,Línea 5,https://www.metromadrid.es/es/index.html
Santo Domingo,https://www.metromadrid.es//es/viaja_en_metro/red_de_metro/estaciones/SantoDomingo.html,FALSE,FALSE,FALSE,,https://www.metromadrid.es//es/viaja_en_metro/red_de_metro/lineas_y_horarios/linea02.html,N409aa68b91b94d3ca9fd6032272a127c,Línea 2 Vodafone,https://www.metromadrid.es/es/index.html
Villaverde Bajo Cruce,https://www.metromadrid.es//es/viaja_en_metro/red_de_metro/estaciones/VillaverdeBajoCruce.html,TRUE,TRUE,FALSE, Autobuses Interurbanos,https://www.metromadrid.es//es/viaja_en_metro/red_de_metro/lineas_y_horarios/linea03.html,N96d2a943dda34a06938ac20e55e8a7d1,Línea 3,https://www.metromadrid.es/es/index.html
Manoteras,https://www.metromadrid.es//es/viaja_en_metro/red_de_metro/estaciones/Manoteras.html,TRUE,TRUE,FALSE,,https://www.metromadrid.es//es/viaja_en_metro/red_de_metro/lineas_y_horarios/linea04.html,Nb3d1b35261734a4094b3dc15998b929b,Línea 4,https://www.metromadrid.es/es/index.html
Oporto,https://www.metromadrid.es//es/viaja_en_metro/red_de_metro/estaciones/Oporto.html,TRUE,FALSE,FALSE, Autobuses Interurbanos,https://www.metromadrid.es//es/viaja_en_metro/red_de_metro/lineas_y_horarios/linea05.html,N4ddec175fd1e4eb29aa2b356dc9f3246,Línea 5,https://www.metromadrid.es/es/index.html
Oporto,https://www.metromadrid.es//es/viaja_en_metro/red_de_metro/estaciones/Oporto.html,TRUE,FALSE,FALSE, Autobuses Interurbanos,https://www.metromadrid.es//es/viaja_en_metro/red_de_metro/lineas_y_horarios/linea06.html,N0b3660760b3d410b8de821cb0085b8c9,Línea 6 Circular,https://www.metromadrid.es/es/index.html
Ferial de Boadilla,https://www.metromadrid.es//es/viaja_en_metro/red_de_metro/estaciones/FerialBoadilla.html,FALSE,FALSE,FALSE,,https://www.metromadrid.es//es/viaja_en_metro/red_de_metro/lineas_y_horarios/metro_ligero03.html,Nc5a7614f32364978be4e8b2c3497231f,ML3,https://www.metromadrid.es/es/index.html
O'Donnell,https://www.metromadrid.es//es/viaja_en_metro/red_de_metro/estaciones/ODonnell.html,TRUE,FALSE,FALSE, Autobus al Aeropuerto,https://www.metromadrid.es//es/viaja_en_metro/red_de_metro/lineas_y_horarios/linea06.html,N0b3660760b3d410b8de821cb0085b8c9,Línea 6 Circular,https://www.metromadrid.es/es/index.html
Fuencarral,https://www.metromadrid.es//es/viaja_en_metro/red_de_metro/estaciones/Fuencarral.html,TRUE,FALSE,FALSE,,https://www.metromadrid.es//es/viaja_en_metro/red_de_metro/lineas_y_horarios/linea10.html,Nef4ee0bb7c7c4a12ac4b4188830444f4,Línea 10,https://www.metromadrid.es/es/index.html
Francos Rodríguez,https://www.metromadrid.es//es/viaja_en_metro/red_de_metro/estaciones/FrancosRodriguez.html,TRUE,TRUE,FALSE,,https://www.metromadrid.es//es/viaja_en_metro/red_de_metro/lineas_y_horarios/linea07.html,N0d6e5c75dec24ce9a67f74c725894bd0,Línea 7,https://www.metromadrid.es/es/index.html
Retamares,https://www.metromadrid.es//es/viaja_en_metro/red_de_metro/estaciones/Retamares.html,FALSE,FALSE,FALSE,,https://www.metromadrid.es//es/viaja_en_metro/red_de_metro/lineas_y_horarios/metro_ligero03.html,Nc5a7614f32364978be4e8b2c3497231f,ML3,https://www.metromadrid.es/es/index.html
Alcorcón Central,https://www.metromadrid.es//es/viaja_en_metro/red_de_metro/estaciones/AlcorconCentral.html,TRUE,TRUE,FALSE, Cercanías Renfe,https://www.metromadrid.es//es/viaja_en_metro/red_de_metro/lineas_y_horarios/linea12.html,Nfbbe9604730a47f7a438ffa3e024e405,Línea 12 MetroSur,https://www.metromadrid.es/es/index.html
Las Tablas,https://www.metromadrid.es//es/viaja_en_metro/red_de_metro/estaciones/LasTablas.html,TRUE,TRUE,FALSE,,https://www.metromadrid.es//es/viaja_en_metro/red_de_metro/lineas_y_horarios/linea10.html,Nef4ee0bb7c7c4a12ac4b4188830444f4,Línea 10,https://www.metromadrid.es/es/index.html
Las Tablas,https://www.metromadrid.es//es/viaja_en_metro/red_de_metro/estaciones/LasTablas.html,TRUE,TRUE,FALSE,,https://www.metromadrid.es//es/viaja_en_metro/red_de_metro/lineas_y_horarios/metro_ligero01.html,N4cb815f8049449fe85693eff2b8ae520,ML1,https://www.metromadrid.es/es/index.html
Ciudad del Cine,https://www.metromadrid.es//es/viaja_en_metro/red_de_metro/estaciones/CiudadCine.html,FALSE,FALSE,FALSE,,https://www.metromadrid.es//es/viaja_en_metro/red_de_metro/lineas_y_horarios/metro_ligero03.html,Nc5a7614f32364978be4e8b2c3497231f,ML3,https://www.metromadrid.es/es/index.html
Villa de Vallecas,https://www.metromadrid.es//es/viaja_en_metro/red_de_metro/estaciones/VillaVallecas.html,TRUE,TRUE,FALSE,,https://www.metromadrid.es//es/viaja_en_metro/red_de_metro/lineas_y_horarios/linea01.html,N813ff9f488234a5abfb50f032d4aec88,Línea 1,https://www.metromadrid.es/es/index.html
Nuevo Mundo,https://www.metromadrid.es//es/viaja_en_metro/red_de_metro/estaciones/NuevoMundo.html,FALSE,FALSE,FALSE,,https://www.metromadrid.es//es/viaja_en_metro/red_de_metro/lineas_y_horarios/metro_ligero03.html,Nc5a7614f32364978be4e8b2c3497231f,ML3,https://www.metromadrid.es/es/index.html
La Granja,https://www.metromadrid.es//es/viaja_en_metro/red_de_metro/estaciones/LaGranja.html,TRUE,TRUE,FALSE,,https://www.metromadrid.es//es/viaja_en_metro/red_de_metro/lineas_y_horarios/linea10.html,Nef4ee0bb7c7c4a12ac4b4188830444f4,Línea 10,https://www.metromadrid.es/es/index.html
Joaquín Vilumbrales,https://www.metromadrid.es//es/viaja_en_metro/red_de_metro/estaciones/JoaquinVilumbrales.html,TRUE,TRUE,FALSE,,https://www.metromadrid.es//es/viaja_en_metro/red_de_metro/lineas_y_horarios/linea10.html,Nef4ee0bb7c7c4a12ac4b4188830444f4,Línea 10,https://www.metromadrid.es/es/index.html
Cartagena,https://www.metromadrid.es//es/viaja_en_metro/red_de_metro/estaciones/Cartagena.html,TRUE,FALSE,FALSE,,https://www.metromadrid.es//es/viaja_en_metro/red_de_metro/lineas_y_horarios/linea07.html,N0d6e5c75dec24ce9a67f74c725894bd0,Línea 7,https://www.metromadrid.es/es/index.html
Manuel de Falla,https://www.metromadrid.es//es/viaja_en_metro/red_de_metro/estaciones/ManuelFalla.html,TRUE,TRUE,FALSE,,https://www.metromadrid.es//es/viaja_en_metro/red_de_metro/lineas_y_horarios/linea10.html,Nef4ee0bb7c7c4a12ac4b4188830444f4,Línea 10,https://www.metromadrid.es/es/index.html
San Bernardo,https://www.metromadrid.es//es/viaja_en_metro/red_de_metro/estaciones/SanBernardo.html,FALSE,FALSE,FALSE,,https://www.metromadrid.es//es/viaja_en_metro/red_de_metro/lineas_y_horarios/linea02.html,N409aa68b91b94d3ca9fd6032272a127c,Línea 2 Vodafone,https://www.metromadrid.es/es/index.html
San Bernardo,https://www.metromadrid.es//es/viaja_en_metro/red_de_metro/estaciones/SanBernardo.html,FALSE,FALSE,FALSE,,https://www.metromadrid.es//es/viaja_en_metro/red_de_metro/lineas_y_horarios/linea04.html,Nb3d1b35261734a4094b3dc15998b929b,Línea 4,https://www.metromadrid.es/es/index.html
Plaza de España,https://www.metromadrid.es//es/viaja_en_metro/red_de_metro/estaciones/PlazaEspana.html,TRUE,TRUE,FALSE,,https://www.metromadrid.es//es/viaja_en_metro/red_de_metro/lineas_y_horarios/linea10.html,Nef4ee0bb7c7c4a12ac4b4188830444f4,Línea 10,https://www.metromadrid.es/es/index.html
Plaza de España,https://www.metromadrid.es//es/viaja_en_metro/red_de_metro/estaciones/PlazaEspana.html,TRUE,TRUE,FALSE,,https://www.metromadrid.es//es/viaja_en_metro/red_de_metro/lineas_y_horarios/linea03.html,N96d2a943dda34a06938ac20e55e8a7d1,Línea 3,https://www.metromadrid.es/es/index.html
Aviación Española,https://www.metromadrid.es//es/viaja_en_metro/red_de_metro/estaciones/AviacionEspanola.html,TRUE,TRUE,FALSE,,https://www.metromadrid.es//es/viaja_en_metro/red_de_metro/lineas_y_horarios/linea10.html,Nef4ee0bb7c7c4a12ac4b4188830444f4,Línea 10,https://www.metromadrid.es/es/index.html
El Carrascal,https://www.metromadrid.es//es/viaja_en_metro/red_de_metro/estaciones/ElCarrascal.html,TRUE,TRUE,FALSE,,https://www.metromadrid.es//es/viaja_en_metro/red_de_metro/lineas_y_horarios/linea12.html,Nfbbe9604730a47f7a438ffa3e024e405,Línea 12 MetroSur,https://www.metromadrid.es/es/index.html
Valdebernardo,https://www.metromadrid.es//es/viaja_en_metro/red_de_metro/estaciones/Valdebernardo.html,TRUE,TRUE,FALSE,,https://www.metromadrid.es//es/viaja_en_metro/red_de_metro/lineas_y_horarios/linea09.html,N15c3932d937e4e1b8cb30623cd1d55a9,Línea 9,https://www.metromadrid.es/es/index.html
Ventura Rodríguez,https://www.metromadrid.es//es/viaja_en_metro/red_de_metro/estaciones/VenturaRodriguez.html,FALSE,TRUE,FALSE,,https://www.metromadrid.es//es/viaja_en_metro/red_de_metro/lineas_y_horarios/linea03.html,N96d2a943dda34a06938ac20e55e8a7d1,Línea 3,https://www.metromadrid.es/es/index.html
Serrano,https://www.metromadrid.es//es/viaja_en_metro/red_de_metro/estaciones/Serrano.html,FALSE,FALSE,FALSE,,https://www.metromadrid.es//es/viaja_en_metro/red_de_metro/lineas_y_horarios/linea04.html,Nb3d1b35261734a4094b3dc15998b929b,Línea 4,https://www.metromadrid.es/es/index.html
Mar de Cristal,https://www.metromadrid.es//es/viaja_en_metro/red_de_metro/estaciones/MarCristal.html,TRUE,TRUE,FALSE,,https://www.metromadrid.es//es/viaja_en_metro/red_de_metro/lineas_y_horarios/linea08.html,N78f7cccebb9c428182d5b88f37eb03a3,Línea 8,https://www.metromadrid.es/es/index.html
Mar de Cristal,https://www.metromadrid.es//es/viaja_en_metro/red_de_metro/estaciones/MarCristal.html,TRUE,TRUE,FALSE,,https://www.metromadrid.es//es/viaja_en_metro/red_de_metro/lineas_y_horarios/linea04.html,Nb3d1b35261734a4094b3dc15998b929b,Línea 4,https://www.metromadrid.es/es/index.html
Laguna,https://www.metromadrid.es//es/viaja_en_metro/red_de_metro/estaciones/Laguna.html,TRUE,FALSE,FALSE, Cercanías Renfe,https://www.metromadrid.es//es/viaja_en_metro/red_de_metro/lineas_y_horarios/linea06.html,N0b3660760b3d410b8de821cb0085b8c9,Línea 6 Circular,https://www.metromadrid.es/es/index.html
Palos de la Frontera,https://www.metromadrid.es//es/viaja_en_metro/red_de_metro/estaciones/PalosFrontera.html,FALSE,TRUE,FALSE,,https://www.metromadrid.es//es/viaja_en_metro/red_de_metro/lineas_y_horarios/linea03.html,N96d2a943dda34a06938ac20e55e8a7d1,Línea 3,https://www.metromadrid.es/es/index.html
Alvarado,https://www.metromadrid.es//es/viaja_en_metro/red_de_metro/estaciones/Alvarado.html,FALSE,FALSE,FALSE,,https://www.metromadrid.es//es/viaja_en_metro/red_de_metro/lineas_y_horarios/linea01.html,N813ff9f488234a5abfb50f032d4aec88,Línea 1,https://www.metromadrid.es/es/index.html
Callao,https://www.metromadrid.es//es/viaja_en_metro/red_de_metro/estaciones/Callao.html,TRUE,TRUE,FALSE,,https://www.metromadrid.es//es/viaja_en_metro/red_de_metro/lineas_y_horarios/linea03.html,N96d2a943dda34a06938ac20e55e8a7d1,Línea 3,https://www.metromadrid.es/es/index.html
Callao,https://www.metromadrid.es//es/viaja_en_metro/red_de_metro/estaciones/Callao.html,TRUE,TRUE,FALSE,,https://www.metromadrid.es//es/viaja_en_metro/red_de_metro/lineas_y_horarios/linea05.html,N4ddec175fd1e4eb29aa2b356dc9f3246,Línea 5,https://www.metromadrid.es/es/index.html
San Cristóbal,https://www.metromadrid.es//es/viaja_en_metro/red_de_metro/estaciones/SanCristobal.html,TRUE,TRUE,FALSE,,https://www.metromadrid.es//es/viaja_en_metro/red_de_metro/lineas_y_horarios/linea03.html,N96d2a943dda34a06938ac20e55e8a7d1,Línea 3,https://www.metromadrid.es/es/index.html
Estrella,https://www.metromadrid.es//es/viaja_en_metro/red_de_metro/estaciones/Estrella.html,TRUE,FALSE,FALSE,,https://www.metromadrid.es//es/viaja_en_metro/red_de_metro/lineas_y_horarios/linea09.html,N15c3932d937e4e1b8cb30623cd1d55a9,Línea 9,https://www.metromadrid.es/es/index.html
Legazpi,https://www.metromadrid.es//es/viaja_en_metro/red_de_metro/estaciones/Legazpi.html,TRUE,TRUE,FALSE, Autobuses Interurbanos,https://www.metromadrid.es//es/viaja_en_metro/red_de_metro/lineas_y_horarios/linea06.html,N0b3660760b3d410b8de821cb0085b8c9,Línea 6 Circular,https://www.metromadrid.es/es/index.html
Legazpi,https://www.metromadrid.es//es/viaja_en_metro/red_de_metro/estaciones/Legazpi.html,TRUE,TRUE,FALSE, Autobuses Interurbanos,https://www.metromadrid.es//es/viaja_en_metro/red_de_metro/lineas_y_horarios/linea03.html,N96d2a943dda34a06938ac20e55e8a7d1,Línea 3,https://www.metromadrid.es/es/index.html
San Nicasio,https://www.metromadrid.es//es/viaja_en_metro/red_de_metro/estaciones/SanNicasio.html,TRUE,TRUE,FALSE,,https://www.metromadrid.es//es/viaja_en_metro/red_de_metro/lineas_y_horarios/linea12.html,Nfbbe9604730a47f7a438ffa3e024e405,Línea 12 MetroSur,https://www.metromadrid.es/es/index.html
Ibiza,https://www.metromadrid.es//es/viaja_en_metro/red_de_metro/estaciones/Ibiza.html,TRUE,FALSE,FALSE,,https://www.metromadrid.es//es/viaja_en_metro/red_de_metro/lineas_y_horarios/linea09.html,N15c3932d937e4e1b8cb30623cd1d55a9,Línea 9,https://www.metromadrid.es/es/index.html
Miguel Hernández,https://www.metromadrid.es//es/viaja_en_metro/red_de_metro/estaciones/MiguelHernandez.html,TRUE,TRUE,FALSE,,https://www.metromadrid.es//es/viaja_en_metro/red_de_metro/lineas_y_horarios/linea01.html,N813ff9f488234a5abfb50f032d4aec88,Línea 1,https://www.metromadrid.es/es/index.html
Avenida de América,https://www.metromadrid.es//es/viaja_en_metro/red_de_metro/estaciones/AvdaAmerica.html,TRUE,FALSE,FALSE,,https://www.metromadrid.es//es/viaja_en_metro/red_de_metro/lineas_y_horarios/linea06.html,N0b3660760b3d410b8de821cb0085b8c9,Línea 6 Circular,https://www.metromadrid.es/es/index.html
Avenida de América,https://www.metromadrid.es//es/viaja_en_metro/red_de_metro/estaciones/AvdaAmerica.html,TRUE,FALSE,FALSE,,https://www.metromadrid.es//es/viaja_en_metro/red_de_metro/lineas_y_horarios/linea07.html,N0d6e5c75dec24ce9a67f74c725894bd0,Línea 7,https://www.metromadrid.es/es/index.html
Avenida de América,https://www.metromadrid.es//es/viaja_en_metro/red_de_metro/estaciones/AvdaAmerica.html,TRUE,FALSE,FALSE,,https://www.metromadrid.es//es/viaja_en_metro/red_de_metro/lineas_y_horarios/linea04.html,Nb3d1b35261734a4094b3dc15998b929b,Línea 4,https://www.metromadrid.es/es/index.html
Avenida de América,https://www.metromadrid.es//es/viaja_en_metro/red_de_metro/estaciones/AvdaAmerica.html,TRUE,FALSE,FALSE,,https://www.metromadrid.es//es/viaja_en_metro/red_de_metro/lineas_y_horarios/linea09.html,N15c3932d937e4e1b8cb30623cd1d55a9,Línea 9,https://www.metromadrid.es/es/index.html
Marqués de la Valdavia,https://www.metromadrid.es//es/viaja_en_metro/red_de_metro/estaciones/MarquesValdivia.html,TRUE,TRUE,FALSE,,https://www.metromadrid.es//es/viaja_en_metro/red_de_metro/lineas_y_horarios/linea10.html,Nef4ee0bb7c7c4a12ac4b4188830444f4,Línea 10,https://www.metromadrid.es/es/index.html
Avenida de Europa,https://www.metromadrid.es//es/viaja_en_metro/red_de_metro/estaciones/AvdaEuropa.html,TRUE,TRUE,FALSE,,https://www.metromadrid.es//es/viaja_en_metro/red_de_metro/lineas_y_horarios/metro_ligero02.html,Neb13dbe59034491cbf07a2a8624259e5,ML2,https://www.metromadrid.es/es/index.html
Ronda de la Comunicación,https://www.metromadrid.es//es/viaja_en_metro/red_de_metro/estaciones/RondaComunicacion.html,TRUE,TRUE,FALSE,,https://www.metromadrid.es//es/viaja_en_metro/red_de_metro/lineas_y_horarios/linea10.html,Nef4ee0bb7c7c4a12ac4b4188830444f4,Línea 10,https://www.metromadrid.es/es/index.html
Sevilla,https://www.metromadrid.es//es/viaja_en_metro/red_de_metro/estaciones/Sevilla.html,FALSE,FALSE,FALSE,,https://www.metromadrid.es//es/viaja_en_metro/red_de_metro/lineas_y_horarios/linea02.html,N409aa68b91b94d3ca9fd6032272a127c,Línea 2 Vodafone,https://www.metromadrid.es/es/index.html
Campus de Somosaguas,https://www.metromadrid.es//es/viaja_en_metro/red_de_metro/estaciones/CampusSomosaguas.html,FALSE,FALSE,FALSE,,https://www.metromadrid.es//es/viaja_en_metro/red_de_metro/lineas_y_horarios/metro_ligero02.html,Neb13dbe59034491cbf07a2a8624259e5,ML2,https://www.metromadrid.es/es/index.html
Pavones,https://www.metromadrid.es//es/viaja_en_metro/red_de_metro/estaciones/Pavones.html,TRUE,FALSE,FALSE,,https://www.metromadrid.es//es/viaja_en_metro/red_de_metro/lineas_y_horarios/linea09.html,N15c3932d937e4e1b8cb30623cd1d55a9,Línea 9,https://www.metromadrid.es/es/index.html
Jarama,https://www.metromadrid.es//es/viaja_en_metro/red_de_metro/estaciones/Jarama.html,TRUE,TRUE,FALSE, Autobuses Interurbanos,https://www.metromadrid.es//es/viaja_en_metro/red_de_metro/lineas_y_horarios/linea07.html,N0d6e5c75dec24ce9a67f74c725894bd0,Línea 7,https://www.metromadrid.es/es/index.html
Colonia de los Ángeles,https://www.metromadrid.es//es/viaja_en_metro/red_de_metro/estaciones/ColoniaAngeles.html,FALSE,FALSE,FALSE,,https://www.metromadrid.es//es/viaja_en_metro/red_de_metro/lineas_y_horarios/metro_ligero02.html,Neb13dbe59034491cbf07a2a8624259e5,ML2,https://www.metromadrid.es/es/index.html
Palas de Rey,https://www.metromadrid.es//es/viaja_en_metro/red_de_metro/estaciones/PalasRey.html,FALSE,FALSE,FALSE,,https://www.metromadrid.es//es/viaja_en_metro/red_de_metro/lineas_y_horarios/metro_ligero01.html,N4cb815f8049449fe85693eff2b8ae520,ML1,https://www.metromadrid.es/es/index.html
Delicias,https://www.metromadrid.es//es/viaja_en_metro/red_de_metro/estaciones/Delicias.html,FALSE,TRUE,FALSE, Cercanías Renfe,https://www.metromadrid.es//es/viaja_en_metro/red_de_metro/lineas_y_horarios/linea03.html,N96d2a943dda34a06938ac20e55e8a7d1,Línea 3,https://www.metromadrid.es/es/index.html
La Rambla,https://www.metromadrid.es//es/viaja_en_metro/red_de_metro/estaciones/LaRambla.html,TRUE,TRUE,FALSE,,https://www.metromadrid.es//es/viaja_en_metro/red_de_metro/lineas_y_horarios/linea07.html,N0d6e5c75dec24ce9a67f74c725894bd0,Línea 7,https://www.metromadrid.es/es/index.html
Paco de Lucía,https://www.metromadrid.es//es/viaja_en_metro/red_de_metro/estaciones/PacoLucia.html,TRUE,TRUE,FALSE,,https://www.metromadrid.es//es/viaja_en_metro/red_de_metro/lineas_y_horarios/linea09.html,N15c3932d937e4e1b8cb30623cd1d55a9,Línea 9,https://www.metromadrid.es/es/index.html
Batán,https://www.metromadrid.es//es/viaja_en_metro/red_de_metro/estaciones/Batan.html,FALSE,TRUE,FALSE,,https://www.metromadrid.es//es/viaja_en_metro/red_de_metro/lineas_y_horarios/linea10.html,Nef4ee0bb7c7c4a12ac4b4188830444f4,Línea 10,https://www.metromadrid.es/es/index.html
Fuenlabrada Central,https://www.metromadrid.es//es/viaja_en_metro/red_de_metro/estaciones/FuenlabradaCentral.html,TRUE,TRUE,FALSE, Cercanías Renfe,https://www.metromadrid.es//es/viaja_en_metro/red_de_metro/lineas_y_horarios/linea12.html,Nfbbe9604730a47f7a438ffa3e024e405,Línea 12 MetroSur,https://www.metromadrid.es/es/index.html
Torre Arias,https://www.metromadrid.es//es/viaja_en_metro/red_de_metro/estaciones/TorreArias.html,TRUE,FALSE,FALSE,,https://www.metromadrid.es//es/viaja_en_metro/red_de_metro/lineas_y_horarios/linea05.html,N4ddec175fd1e4eb29aa2b356dc9f3246,Línea 5,https://www.metromadrid.es/es/index.html
Somosaguas Sur,https://www.metromadrid.es//es/viaja_en_metro/red_de_metro/estaciones/SomosaguasSur.html,TRUE,TRUE,FALSE,,https://www.metromadrid.es//es/viaja_en_metro/red_de_metro/lineas_y_horarios/metro_ligero02.html,Neb13dbe59034491cbf07a2a8624259e5,ML2,https://www.metromadrid.es/es/index.html
Manuela Malasaña,https://www.metromadrid.es//es/viaja_en_metro/red_de_metro/estaciones/ManuelaMalasana.html,TRUE,TRUE,FALSE,,https://www.metromadrid.es//es/viaja_en_metro/red_de_metro/lineas_y_horarios/linea12.html,Nfbbe9604730a47f7a438ffa3e024e405,Línea 12 MetroSur,https://www.metromadrid.es/es/index.html
Arturo Soria,https://www.metromadrid.es//es/viaja_en_metro/red_de_metro/estaciones/ArturoSoria.html,TRUE,FALSE,FALSE,,https://www.metromadrid.es//es/viaja_en_metro/red_de_metro/lineas_y_horarios/linea04.html,Nb3d1b35261734a4094b3dc15998b929b,Línea 4,https://www.metromadrid.es/es/index.html
Diego de León,https://www.metromadrid.es//es/viaja_en_metro/red_de_metro/estaciones/DiegoLeon.html,TRUE,FALSE,FALSE,,https://www.metromadrid.es//es/viaja_en_metro/red_de_metro/lineas_y_horarios/linea04.html,Nb3d1b35261734a4094b3dc15998b929b,Línea 4,https://www.metromadrid.es/es/index.html
Diego de León,https://www.metromadrid.es//es/viaja_en_metro/red_de_metro/estaciones/DiegoLeon.html,TRUE,FALSE,FALSE,,https://www.metromadrid.es//es/viaja_en_metro/red_de_metro/lineas_y_horarios/linea05.html,N4ddec175fd1e4eb29aa2b356dc9f3246,Línea 5,https://www.metromadrid.es/es/index.html
Diego de León,https://www.metromadrid.es//es/viaja_en_metro/red_de_metro/estaciones/DiegoLeon.html,TRUE,FALSE,FALSE,,https://www.metromadrid.es//es/viaja_en_metro/red_de_metro/lineas_y_horarios/linea06.html,N0b3660760b3d410b8de821cb0085b8c9,Línea 6 Circular,https://www.metromadrid.es/es/index.html
Prosperidad,https://www.metromadrid.es//es/viaja_en_metro/red_de_metro/estaciones/Prosperidad.html,TRUE,FALSE,FALSE,,https://www.metromadrid.es//es/viaja_en_metro/red_de_metro/lineas_y_horarios/linea04.html,Nb3d1b35261734a4094b3dc15998b929b,Línea 4,https://www.metromadrid.es/es/index.html
Pueblo Nuevo,https://www.metromadrid.es//es/viaja_en_metro/red_de_metro/estaciones/PuebloNuevo.html,TRUE,TRUE,FALSE,,https://www.metromadrid.es//es/viaja_en_metro/red_de_metro/lineas_y_horarios/linea07.html,N0d6e5c75dec24ce9a67f74c725894bd0,Línea 7,https://www.metromadrid.es/es/index.html
Pueblo Nuevo,https://www.metromadrid.es//es/viaja_en_metro/red_de_metro/estaciones/PuebloNuevo.html,TRUE,TRUE,FALSE,,https://www.metromadrid.es//es/viaja_en_metro/red_de_metro/lineas_y_horarios/linea05.html,N4ddec175fd1e4eb29aa2b356dc9f3246,Línea 5,https://www.metromadrid.es/es/index.html
Goya,https://www.metromadrid.es//es/viaja_en_metro/red_de_metro/estaciones/Goya.html,FALSE,TRUE,FALSE,,https://www.metromadrid.es//es/viaja_en_metro/red_de_metro/lineas_y_horarios/linea04.html,Nb3d1b35261734a4094b3dc15998b929b,Línea 4,https://www.metromadrid.es/es/index.html
Goya,https://www.metromadrid.es//es/viaja_en_metro/red_de_metro/estaciones/Goya.html,FALSE,TRUE,FALSE,,https://www.metromadrid.es//es/viaja_en_metro/red_de_metro/lineas_y_horarios/linea02.html,N409aa68b91b94d3ca9fd6032272a127c,Línea 2 Vodafone,https://www.metromadrid.es/es/index.html
Casa de Campo,https://www.metromadrid.es//es/viaja_en_metro/red_de_metro/estaciones/CasaCampo.html,TRUE,TRUE,FALSE,,https://www.metromadrid.es//es/viaja_en_metro/red_de_metro/lineas_y_horarios/linea05.html,N4ddec175fd1e4eb29aa2b356dc9f3246,Línea 5,https://www.metromadrid.es/es/index.html
Casa de Campo,https://www.metromadrid.es//es/viaja_en_metro/red_de_metro/estaciones/CasaCampo.html,TRUE,TRUE,FALSE,,https://www.metromadrid.es//es/viaja_en_metro/red_de_metro/lineas_y_horarios/linea10.html,Nef4ee0bb7c7c4a12ac4b4188830444f4,Línea 10,https://www.metromadrid.es/es/index.html
Barajas,https://www.metromadrid.es//es/viaja_en_metro/red_de_metro/estaciones/Barajas.html,TRUE,TRUE,FALSE, Autobuses Interurbanos,https://www.metromadrid.es//es/viaja_en_metro/red_de_metro/lineas_y_horarios/linea08.html,N78f7cccebb9c428182d5b88f37eb03a3,Línea 8,https://www.metromadrid.es/es/index.html
Berna,https://www.metromadrid.es//es/viaja_en_metro/red_de_metro/estaciones/Berna.html,FALSE,FALSE,FALSE,,https://www.metromadrid.es//es/viaja_en_metro/red_de_metro/lineas_y_horarios/metro_ligero02.html,Neb13dbe59034491cbf07a2a8624259e5,ML2,https://www.metromadrid.es/es/index.html
Ópera,https://www.metromadrid.es//es/viaja_en_metro/red_de_metro/estaciones/Opera.html,TRUE,TRUE,FALSE,,https://www.metromadrid.es//es/viaja_en_metro/red_de_metro/lineas_y_horarios/linea02.html,N409aa68b91b94d3ca9fd6032272a127c,Línea 2 Vodafone,https://www.metromadrid.es/es/index.html
Ópera,https://www.metromadrid.es//es/viaja_en_metro/red_de_metro/estaciones/Opera.html,TRUE,TRUE,FALSE,,https://www.metromadrid.es//es/viaja_en_metro/red_de_metro/lineas_y_horarios/linea05.html,N4ddec175fd1e4eb29aa2b356dc9f3246,Línea 5,https://www.metromadrid.es/es/index.html
Ópera,https://www.metromadrid.es//es/viaja_en_metro/red_de_metro/estaciones/Opera.html,TRUE,TRUE,FALSE,,https://www.metromadrid.es//es/viaja_en_metro/red_de_metro/lineas_y_horarios/lineaR.html,Nef502614ac834beeb04782aae61db63d,Ramal,https://www.metromadrid.es/es/index.html
La Poveda,https://www.metromadrid.es//es/viaja_en_metro/red_de_metro/estaciones/LaPoveda.html,TRUE,TRUE,FALSE,,https://www.metromadrid.es//es/viaja_en_metro/red_de_metro/lineas_y_horarios/linea09.html,N15c3932d937e4e1b8cb30623cd1d55a9,Línea 9,https://www.metromadrid.es/es/index.html
Puerta de Boadilla,https://www.metromadrid.es//es/viaja_en_metro/red_de_metro/estaciones/PuertaBoadilla.html,FALSE,FALSE,FALSE,,https://www.metromadrid.es//es/viaja_en_metro/red_de_metro/lineas_y_horarios/metro_ligero03.html,Nc5a7614f32364978be4e8b2c3497231f,ML3,https://www.metromadrid.es/es/index.html
San Fermín - Orcasur,https://www.metromadrid.es//es/viaja_en_metro/red_de_metro/estaciones/SanFermin_Orcasur.html,TRUE,TRUE,FALSE,,https://www.metromadrid.es//es/viaja_en_metro/red_de_metro/lineas_y_horarios/linea03.html,N96d2a943dda34a06938ac20e55e8a7d1,Línea 3,https://www.metromadrid.es/es/index.html
La Moraleja,https://www.metromadrid.es//es/viaja_en_metro/red_de_metro/estaciones/LaMoraleja.html,TRUE,TRUE,FALSE,,https://www.metromadrid.es//es/viaja_en_metro/red_de_metro/lineas_y_horarios/linea10.html,Nef4ee0bb7c7c4a12ac4b4188830444f4,Línea 10,https://www.metromadrid.es/es/index.html
Estadio Olímpico,https://www.metromadrid.es//es/viaja_en_metro/red_de_metro/estaciones/EstadioOlimpico.html,TRUE,TRUE,FALSE,,https://www.metromadrid.es//es/viaja_en_metro/red_de_metro/lineas_y_horarios/linea07.html,N0d6e5c75dec24ce9a67f74c725894bd0,Línea 7,https://www.metromadrid.es/es/index.html
Loranca,https://www.metromadrid.es//es/viaja_en_metro/red_de_metro/estaciones/Loranca.html,TRUE,TRUE,FALSE,,https://www.metromadrid.es//es/viaja_en_metro/red_de_metro/lineas_y_horarios/linea12.html,Nfbbe9604730a47f7a438ffa3e024e405,Línea 12 MetroSur,https://www.metromadrid.es/es/index.html
El Bercial,https://www.metromadrid.es//es/viaja_en_metro/red_de_metro/estaciones/ElBercial.html,TRUE,TRUE,FALSE,,https://www.metromadrid.es//es/viaja_en_metro/red_de_metro/lineas_y_horarios/linea12.html,Nfbbe9604730a47f7a438ffa3e024e405,Línea 12 MetroSur,https://www.metromadrid.es/es/index.html
Parque de Santa María,https://www.metromadrid.es//es/viaja_en_metro/red_de_metro/estaciones/ParqueSantaMaria.html,TRUE,TRUE,FALSE,,https://www.metromadrid.es//es/viaja_en_metro/red_de_metro/lineas_y_horarios/linea04.html,Nb3d1b35261734a4094b3dc15998b929b,Línea 4,https://www.metromadrid.es/es/index.html
Boadilla Centro,https://www.metromadrid.es//es/viaja_en_metro/red_de_metro/estaciones/BoadillaCentro.html,FALSE,FALSE,FALSE,,https://www.metromadrid.es//es/viaja_en_metro/red_de_metro/lineas_y_horarios/metro_ligero03.html,Nc5a7614f32364978be4e8b2c3497231f,ML3,https://www.metromadrid.es/es/index.html
Bilbao,https://www.metromadrid.es//es/viaja_en_metro/red_de_metro/estaciones/Bilbao.html,FALSE,FALSE,FALSE,,https://www.metromadrid.es//es/viaja_en_metro/red_de_metro/lineas_y_horarios/linea01.html,N813ff9f488234a5abfb50f032d4aec88,Línea 1,https://www.metromadrid.es/es/index.html
Bilbao,https://www.metromadrid.es//es/viaja_en_metro/red_de_metro/estaciones/Bilbao.html,FALSE,FALSE,FALSE,,https://www.metromadrid.es//es/viaja_en_metro/red_de_metro/lineas_y_horarios/linea04.html,Nb3d1b35261734a4094b3dc15998b929b,Línea 4,https://www.metromadrid.es/es/index.html
Pozuelo Oeste,https://www.metromadrid.es//es/viaja_en_metro/red_de_metro/estaciones/PozueloOeste.html,FALSE,FALSE,FALSE,,https://www.metromadrid.es//es/viaja_en_metro/red_de_metro/lineas_y_horarios/metro_ligero02.html,Neb13dbe59034491cbf07a2a8624259e5,ML2,https://www.metromadrid.es/es/index.html
Hospital 12 de Octubre,https://www.metromadrid.es//es/viaja_en_metro/red_de_metro/estaciones/Hospital12Octubre.html,TRUE,TRUE,FALSE,,https://www.metromadrid.es//es/viaja_en_metro/red_de_metro/lineas_y_horarios/linea03.html,N96d2a943dda34a06938ac20e55e8a7d1,Línea 3,https://www.metromadrid.es/es/index.html
Carabanchel Alto,https://www.metromadrid.es//es/viaja_en_metro/red_de_metro/estaciones/CarabanchelAlto.html,TRUE,TRUE,FALSE,,https://www.metromadrid.es//es/viaja_en_metro/red_de_metro/lineas_y_horarios/linea11.html,N36bd200a9b0e4765a60f1267d5659fbe,Línea 11,https://www.metromadrid.es/es/index.html
Duque de Pastrana,https://www.metromadrid.es//es/viaja_en_metro/red_de_metro/estaciones/DuquePastrana.html,TRUE,FALSE,FALSE,,https://www.metromadrid.es//es/viaja_en_metro/red_de_metro/lineas_y_horarios/linea09.html,N15c3932d937e4e1b8cb30623cd1d55a9,Línea 9,https://www.metromadrid.es/es/index.html
Pinar de Chamartín,https://www.metromadrid.es//es/viaja_en_metro/red_de_metro/estaciones/PinarChamartin.html,TRUE,TRUE,FALSE,,https://www.metromadrid.es//es/viaja_en_metro/red_de_metro/lineas_y_horarios/linea01.html,N813ff9f488234a5abfb50f032d4aec88,Línea 1,https://www.metromadrid.es/es/index.html
Pinar de Chamartín,https://www.metromadrid.es//es/viaja_en_metro/red_de_metro/estaciones/PinarChamartin.html,TRUE,TRUE,FALSE,,https://www.metromadrid.es//es/viaja_en_metro/red_de_metro/lineas_y_horarios/linea04.html,Nb3d1b35261734a4094b3dc15998b929b,Línea 4,https://www.metromadrid.es/es/index.html
Pinar de Chamartín,https://www.metromadrid.es//es/viaja_en_metro/red_de_metro/estaciones/PinarChamartin.html,TRUE,TRUE,FALSE,,https://www.metromadrid.es//es/viaja_en_metro/red_de_metro/lineas_y_horarios/metro_ligero01.html,N4cb815f8049449fe85693eff2b8ae520,ML1,https://www.metromadrid.es/es/index.html
Alto del Arenal,https://www.metromadrid.es//es/viaja_en_metro/red_de_metro/estaciones/AltoArenal.html,TRUE,TRUE,FALSE,,https://www.metromadrid.es//es/viaja_en_metro/red_de_metro/lineas_y_horarios/linea01.html,N813ff9f488234a5abfb50f032d4aec88,Línea 1,https://www.metromadrid.es/es/index.html
Atocha,https://www.metromadrid.es//es/viaja_en_metro/red_de_metro/estaciones/Atocha.html,FALSE,FALSE,FALSE, Autobuses Interurbanos,https://www.metromadrid.es//es/viaja_en_metro/red_de_metro/lineas_y_horarios/linea01.html,N813ff9f488234a5abfb50f032d4aec88,Línea 1,https://www.metromadrid.es/es/index.html
Estación de Aravaca,https://www.metromadrid.es//es/viaja_en_metro/red_de_metro/estaciones/EstacionAravaca.html,FALSE,FALSE,FALSE, Cercanías Renfe,https://www.metromadrid.es//es/viaja_en_metro/red_de_metro/lineas_y_horarios/metro_ligero02.html,Neb13dbe59034491cbf07a2a8624259e5,ML2,https://www.metromadrid.es/es/index.html
Baunatal,https://www.metromadrid.es//es/viaja_en_metro/red_de_metro/estaciones/Baunatal.html,TRUE,TRUE,FALSE, Autobuses Interurbanos,https://www.metromadrid.es//es/viaja_en_metro/red_de_metro/lineas_y_horarios/linea10.html,Nef4ee0bb7c7c4a12ac4b4188830444f4,Línea 10,https://www.metromadrid.es/es/index.html
Congosto,https://www.metromadrid.es//es/viaja_en_metro/red_de_metro/estaciones/Congosto.html,TRUE,TRUE,FALSE,,https://www.metromadrid.es//es/viaja_en_metro/red_de_metro/lineas_y_horarios/linea01.html,N813ff9f488234a5abfb50f032d4aec88,Línea 1,https://www.metromadrid.es/es/index.html
Plaza Elíptica,https://www.metromadrid.es//es/viaja_en_metro/red_de_metro/estaciones/PlazaEliptica.html,TRUE,TRUE,TRUE, Autobuses Interurbanos,https://www.metromadrid.es//es/viaja_en_metro/red_de_metro/lineas_y_horarios/linea11.html,N36bd200a9b0e4765a60f1267d5659fbe,Línea 11,https://www.metromadrid.es/es/index.html
Plaza Elíptica,https://www.metromadrid.es//es/viaja_en_metro/red_de_metro/estaciones/PlazaEliptica.html,TRUE,TRUE,TRUE, Autobuses Interurbanos,https://www.metromadrid.es//es/viaja_en_metro/red_de_metro/lineas_y_horarios/linea06.html,N0b3660760b3d410b8de821cb0085b8c9,Línea 6 Circular,https://www.metromadrid.es/es/index.html
Arganzuela - Planetario,https://www.metromadrid.es//es/viaja_en_metro/red_de_metro/estaciones/ArganzuelaPlanetario.html,TRUE,TRUE,FALSE,,https://www.metromadrid.es//es/viaja_en_metro/red_de_metro/lineas_y_horarios/linea06.html,N0b3660760b3d410b8de821cb0085b8c9,Línea 6 Circular,https://www.metromadrid.es/es/index.html
Ventilla,https://www.metromadrid.es//es/viaja_en_metro/red_de_metro/estaciones/Ventilla.html,TRUE,FALSE,FALSE,,https://www.metromadrid.es//es/viaja_en_metro/red_de_metro/lineas_y_horarios/linea09.html,N15c3932d937e4e1b8cb30623cd1d55a9,Línea 9,https://www.metromadrid.es/es/index.html
Herrera Oria,https://www.metromadrid.es//es/viaja_en_metro/red_de_metro/estaciones/HerreraOria.html,TRUE,FALSE,FALSE,,https://www.metromadrid.es//es/viaja_en_metro/red_de_metro/lineas_y_horarios/linea09.html,N15c3932d937e4e1b8cb30623cd1d55a9,Línea 9,https://www.metromadrid.es/es/index.html
Menéndez Pelayo,https://www.metromadrid.es//es/viaja_en_metro/red_de_metro/estaciones/MenendezPelayo.html,FALSE,FALSE,FALSE,,https://www.metromadrid.es//es/viaja_en_metro/red_de_metro/lineas_y_horarios/linea01.html,N813ff9f488234a5abfb50f032d4aec88,Línea 1,https://www.metromadrid.es/es/index.html
Buenos Aires,https://www.metromadrid.es//es/viaja_en_metro/red_de_metro/estaciones/BuenosAires.html,TRUE,FALSE,FALSE,,https://www.metromadrid.es//es/viaja_en_metro/red_de_metro/lineas_y_horarios/linea01.html,N813ff9f488234a5abfb50f032d4aec88,Línea 1,https://www.metromadrid.es/es/index.html
Dos Castillas,https://www.metromadrid.es//es/viaja_en_metro/red_de_metro/estaciones/DosCastillas.html,FALSE,FALSE,FALSE,,https://www.metromadrid.es//es/viaja_en_metro/red_de_metro/lineas_y_horarios/metro_ligero02.html,Neb13dbe59034491cbf07a2a8624259e5,ML2,https://www.metromadrid.es/es/index.html
Príncipe de Vergara,https://www.metromadrid.es//es/viaja_en_metro/red_de_metro/estaciones/PrincipeVergara.html,TRUE,FALSE,FALSE,,https://www.metromadrid.es//es/viaja_en_metro/red_de_metro/lineas_y_horarios/linea02.html,N409aa68b91b94d3ca9fd6032272a127c,Línea 2 Vodafone,https://www.metromadrid.es/es/index.html
Príncipe de Vergara,https://www.metromadrid.es//es/viaja_en_metro/red_de_metro/estaciones/PrincipeVergara.html,TRUE,FALSE,FALSE,,https://www.metromadrid.es//es/viaja_en_metro/red_de_metro/lineas_y_horarios/linea09.html,N15c3932d937e4e1b8cb30623cd1d55a9,Línea 9,https://www.metromadrid.es/es/index.html
Campamento,https://www.metromadrid.es//es/viaja_en_metro/red_de_metro/estaciones/Campamento.html,FALSE,FALSE,FALSE,,https://www.metromadrid.es//es/viaja_en_metro/red_de_metro/lineas_y_horarios/linea05.html,N4ddec175fd1e4eb29aa2b356dc9f3246,Línea 5,https://www.metromadrid.es/es/index.html
Lago,https://www.metromadrid.es//es/viaja_en_metro/red_de_metro/estaciones/Lago.html,FALSE,TRUE,FALSE,,https://www.metromadrid.es//es/viaja_en_metro/red_de_metro/lineas_y_horarios/linea10.html,Nef4ee0bb7c7c4a12ac4b4188830444f4,Línea 10,https://www.metromadrid.es/es/index.html
Puerta de Toledo,https://www.metromadrid.es//es/viaja_en_metro/red_de_metro/estaciones/PuertaToledo.html,FALSE,FALSE,FALSE,,https://www.metromadrid.es//es/viaja_en_metro/red_de_metro/lineas_y_horarios/linea05.html,N4ddec175fd1e4eb29aa2b356dc9f3246,Línea 5,https://www.metromadrid.es/es/index.html
José Isbert,https://www.metromadrid.es//es/viaja_en_metro/red_de_metro/estaciones/JoseIsbert.html,FALSE,FALSE,FALSE,,https://www.metromadrid.es//es/viaja_en_metro/red_de_metro/lineas_y_horarios/metro_ligero03.html,Nc5a7614f32364978be4e8b2c3497231f,ML3,https://www.metromadrid.es/es/index.html
Antonio Saura,https://www.metromadrid.es//es/viaja_en_metro/red_de_metro/estaciones/AntonioSaura.html,FALSE,FALSE,FALSE,,https://www.metromadrid.es//es/viaja_en_metro/red_de_metro/lineas_y_horarios/metro_ligero01.html,N4cb815f8049449fe85693eff2b8ae520,ML1,https://www.metromadrid.es/es/index.html
Prado de la Vega,https://www.metromadrid.es//es/viaja_en_metro/red_de_metro/estaciones/PradoVega.html,FALSE,FALSE,FALSE,,https://www.metromadrid.es//es/viaja_en_metro/red_de_metro/lineas_y_horarios/metro_ligero02.html,Neb13dbe59034491cbf07a2a8624259e5,ML2,https://www.metromadrid.es/es/index.html
Ciudad de la Imagen,https://www.metromadrid.es//es/viaja_en_metro/red_de_metro/estaciones/CiudadImagen.html,FALSE,FALSE,FALSE,,https://www.metromadrid.es//es/viaja_en_metro/red_de_metro/lineas_y_horarios/metro_ligero03.html,Nc5a7614f32364978be4e8b2c3497231f,ML3,https://www.metromadrid.es/es/index.html
Cocheras,https://www.metromadrid.es//es/viaja_en_metro/red_de_metro/estaciones/Cocheras.html,FALSE,FALSE,FALSE,,https://www.metromadrid.es//es/viaja_en_metro/red_de_metro/lineas_y_horarios/metro_ligero03.html,Nc5a7614f32364978be4e8b2c3497231f,ML3,https://www.metromadrid.es/es/index.html
Bélgica,https://www.metromadrid.es//es/viaja_en_metro/red_de_metro/estaciones/Belgica.html,FALSE,FALSE,FALSE,,https://www.metromadrid.es//es/viaja_en_metro/red_de_metro/lineas_y_horarios/metro_ligero02.html,Neb13dbe59034491cbf07a2a8624259e5,ML2,https://www.metromadrid.es/es/index.html
Rubén Darío,https://www.metromadrid.es//es/viaja_en_metro/red_de_metro/estaciones/RubenDario.html,FALSE,FALSE,FALSE,,https://www.metromadrid.es//es/viaja_en_metro/red_de_metro/lineas_y_horarios/linea05.html,N4ddec175fd1e4eb29aa2b356dc9f3246,Línea 5,https://www.metromadrid.es/es/index.html
Lista,https://www.metromadrid.es//es/viaja_en_metro/red_de_metro/estaciones/Lista.html,FALSE,FALSE,FALSE,,https://www.metromadrid.es//es/viaja_en_metro/red_de_metro/lineas_y_horarios/linea04.html,Nb3d1b35261734a4094b3dc15998b929b,Línea 4,https://www.metromadrid.es/es/index.html
Gran Vía,https://www.metromadrid.es//es/viaja_en_metro/red_de_metro/estaciones/GranVia.html,TRUE,FALSE,FALSE,,https://www.metromadrid.es//es/viaja_en_metro/red_de_metro/lineas_y_horarios/linea05.html,N4ddec175fd1e4eb29aa2b356dc9f3246,Línea 5,https://www.metromadrid.es/es/index.html
Gran Vía,https://www.metromadrid.es//es/viaja_en_metro/red_de_metro/estaciones/GranVia.html,TRUE,FALSE,FALSE,,https://www.metromadrid.es//es/viaja_en_metro/red_de_metro/lineas_y_horarios/linea01.html,N813ff9f488234a5abfb50f032d4aec88,Línea 1,https://www.metromadrid.es/es/index.html
Parque de los Estados,https://www.metromadrid.es//es/viaja_en_metro/red_de_metro/estaciones/ParqueEstados.html,TRUE,TRUE,FALSE,,https://www.metromadrid.es//es/viaja_en_metro/red_de_metro/lineas_y_horarios/linea12.html,Nfbbe9604730a47f7a438ffa3e024e405,Línea 12 MetroSur,https://www.metromadrid.es/es/index.html
Santiago Bernabéu,https://www.metromadrid.es//es/viaja_en_metro/red_de_metro/estaciones/SantiagoBernabeu.html,FALSE,FALSE,FALSE,,https://www.metromadrid.es//es/viaja_en_metro/red_de_metro/lineas_y_horarios/linea10.html,Nef4ee0bb7c7c4a12ac4b4188830444f4,Línea 10,https://www.metromadrid.es/es/index.html
Cuzco,https://www.metromadrid.es//es/viaja_en_metro/red_de_metro/estaciones/Cuzco.html,TRUE,FALSE,FALSE,,https://www.metromadrid.es//es/viaja_en_metro/red_de_metro/lineas_y_horarios/linea10.html,Nef4ee0bb7c7c4a12ac4b4188830444f4,Línea 10,https://www.metromadrid.es/es/index.html
Quevedo,https://www.metromadrid.es//es/viaja_en_metro/red_de_metro/estaciones/Quevedo.html,FALSE,FALSE,FALSE,,https://www.metromadrid.es//es/viaja_en_metro/red_de_metro/lineas_y_horarios/linea02.html,N409aa68b91b94d3ca9fd6032272a127c,Línea 2 Vodafone,https://www.metromadrid.es/es/index.html
San Blas,https://www.metromadrid.es//es/viaja_en_metro/red_de_metro/estaciones/SanBlas.html,TRUE,FALSE,FALSE,,https://www.metromadrid.es//es/viaja_en_metro/red_de_metro/lineas_y_horarios/linea07.html,N0d6e5c75dec24ce9a67f74c725894bd0,Línea 7,https://www.metromadrid.es/es/index.html
Puente de Vallecas,https://www.metromadrid.es//es/viaja_en_metro/red_de_metro/estaciones/PuenteVallecas.html,FALSE,FALSE,FALSE,,https://www.metromadrid.es//es/viaja_en_metro/red_de_metro/lineas_y_horarios/linea01.html,N813ff9f488234a5abfb50f032d4aec88,Línea 1,https://www.metromadrid.es/es/index.html
San Fernando,https://www.metromadrid.es//es/viaja_en_metro/red_de_metro/estaciones/SanFernando.html,TRUE,TRUE,FALSE,,https://www.metromadrid.es//es/viaja_en_metro/red_de_metro/lineas_y_horarios/linea07.html,N0d6e5c75dec24ce9a67f74c725894bd0,Línea 7,https://www.metromadrid.es/es/index.html
San Francisco,https://www.metromadrid.es//es/viaja_en_metro/red_de_metro/estaciones/SanFrancisco.html,TRUE,TRUE,FALSE,,https://www.metromadrid.es//es/viaja_en_metro/red_de_metro/lineas_y_horarios/linea11.html,N36bd200a9b0e4765a60f1267d5659fbe,Línea 11,https://www.metromadrid.es/es/index.html
Esperanza,https://www.metromadrid.es//es/viaja_en_metro/red_de_metro/estaciones/Esperanza.html,TRUE,FALSE,FALSE,,https://www.metromadrid.es//es/viaja_en_metro/red_de_metro/lineas_y_horarios/linea04.html,Nb3d1b35261734a4094b3dc15998b929b,Línea 4,https://www.metromadrid.es/es/index.html
Urgel,https://www.metromadrid.es//es/viaja_en_metro/red_de_metro/estaciones/Urgel.html,FALSE,FALSE,FALSE,,https://www.metromadrid.es//es/viaja_en_metro/red_de_metro/lineas_y_horarios/linea05.html,N4ddec175fd1e4eb29aa2b356dc9f3246,Línea 5,https://www.metromadrid.es/es/index.html
Ríos Rosas,https://www.metromadrid.es//es/viaja_en_metro/red_de_metro/estaciones/RiosRosas.html,FALSE,FALSE,FALSE,,https://www.metromadrid.es//es/viaja_en_metro/red_de_metro/lineas_y_horarios/linea01.html,N813ff9f488234a5abfb50f032d4aec88,Línea 1,https://www.metromadrid.es/es/index.html
Artilleros,https://www.metromadrid.es//es/viaja_en_metro/red_de_metro/estaciones/Artilleros.html,TRUE,FALSE,FALSE,,https://www.metromadrid.es//es/viaja_en_metro/red_de_metro/lineas_y_horarios/linea09.html,N15c3932d937e4e1b8cb30623cd1d55a9,Línea 9,https://www.metromadrid.es/es/index.html
Empalme,https://www.metromadrid.es//es/viaja_en_metro/red_de_metro/estaciones/Empalme.html,FALSE,FALSE,FALSE,,https://www.metromadrid.es//es/viaja_en_metro/red_de_metro/lineas_y_horarios/linea05.html,N4ddec175fd1e4eb29aa2b356dc9f3246,Línea 5,https://www.metromadrid.es/es/index.html
Prado del Espino,https://www.metromadrid.es//es/viaja_en_metro/red_de_metro/estaciones/PradoEspino.html,FALSE,FALSE,FALSE,,https://www.metromadrid.es//es/viaja_en_metro/red_de_metro/lineas_y_horarios/metro_ligero03.html,Nc5a7614f32364978be4e8b2c3497231f,ML3,https://www.metromadrid.es/es/index.html
Carabanchel,https://www.metromadrid.es//es/viaja_en_metro/red_de_metro/estaciones/Carabanchel.html,FALSE,FALSE,FALSE,,https://www.metromadrid.es//es/viaja_en_metro/red_de_metro/lineas_y_horarios/linea05.html,N4ddec175fd1e4eb29aa2b356dc9f3246,Línea 5,https://www.metromadrid.es/es/index.html
Ventas,https://www.metromadrid.es//es/viaja_en_metro/red_de_metro/estaciones/Ventas.html,FALSE,FALSE,FALSE,,https://www.metromadrid.es//es/viaja_en_metro/red_de_metro/lineas_y_horarios/linea05.html,N4ddec175fd1e4eb29aa2b356dc9f3246,Línea 5,https://www.metromadrid.es/es/index.html
Ventas,https://www.metromadrid.es//es/viaja_en_metro/red_de_metro/estaciones/Ventas.html,FALSE,FALSE,FALSE,,https://www.metromadrid.es//es/viaja_en_metro/red_de_metro/lineas_y_horarios/linea02.html,N409aa68b91b94d3ca9fd6032272a127c,Línea 2 Vodafone,https://www.metromadrid.es/es/index.html
Tetuán,https://www.metromadrid.es//es/viaja_en_metro/red_de_metro/estaciones/Tetuan.html,FALSE,FALSE,FALSE,,https://www.metromadrid.es//es/viaja_en_metro/red_de_metro/lineas_y_horarios/linea01.html,N813ff9f488234a5abfb50f032d4aec88,Línea 1,https://www.metromadrid.es/es/index.html
Puerta del Ángel,https://www.metromadrid.es//es/viaja_en_metro/red_de_metro/estaciones/PuertaAngel.html,TRUE,FALSE,FALSE,,https://www.metromadrid.es//es/viaja_en_metro/red_de_metro/lineas_y_horarios/linea06.html,N0b3660760b3d410b8de821cb0085b8c9,Línea 6 Circular,https://www.metromadrid.es/es/index.html